LotFrontage,LotArea,OverallQual,TotalBsmtSF,GarageArea,SalePrice
80.0,10400,7,1304,530,174000
35.0,3675,5,547,525,145000
72.0,8640,7,756,614,215200
84.0,11670,9,1905,788,320000
43.0,10667,7,799,550,212000
82.0,9020,6,1248,520,168500
70.0,11218,6,1055,462,189000
85.0,13825,5,533,300,140000
70.04995836802665,13031,6,691,409,187500
100.0,12552,7,991,678,254900
70.04995836802665,7390,5,1098,260,135000
65.0,9750,6,1054,460,151000
50.0,6000,5,928,288,112500
60.0,9120,7,1026,240,184000
102.0,15863,7,824,672,197000
70.04995836802665,11250,4,1104,304,161500
60.0,7200,5,1022,280,85000
68.0,8814,7,1274,508,203000
77.0,11198,9,1122,656,325000
70.04995836802665,11050,9,1440,736,313000
75.0,9473,8,1128,577,237000
60.0,13515,6,764,520,180500
70.04995836802665,11425,5,1008,275,137000
40.0,4280,5,440,352,90350
55.0,12640,6,1728,574,150900
78.0,10264,7,1588,472,214000
70.04995836802665,11341,5,1392,528,121500
160.0,15623,10,2396,813,745000
92.0,11952,7,808,534,190000
43.0,3182,7,1346,457,181000
68.0,9571,5,1276,350,60000
122.0,11923,9,1800,702,239000
81.0,11841,6,816,0,118500
60.0,7200,5,0,625,109500
88.0,7990,5,924,280,110000
59.0,7227,6,832,528,105500
70.04995836802665,11214,7,930,431,199900
90.0,14684,7,2158,701,271900
75.0,11625,5,1039,504,131500
115.0,21286,5,720,312,135000
50.0,8405,5,861,384,119000
46.0,20544,7,791,542,215000
36.0,15523,5,864,338,133500
50.0,9638,6,804,336,169000
80.0,8800,6,936,480,137500
70.0,8402,5,1120,0,147000
73.0,8688,7,1616,834,232000
79.0,10289,5,1073,515,156000
77.0,10010,5,1389,418,170000
70.04995836802665,12342,4,861,539,82500
60.0,7200,7,560,576,155000
77.0,9965,8,1466,1052,424870
39.0,5389,8,1595,608,236500
90.0,10768,5,1437,528,218000
75.0,9750,7,1630,451,213000
85.0,14331,8,1800,765,312500
80.0,9600,6,528,512,187000
70.04995836802665,24682,6,841,502,181000
76.0,10142,7,956,618,233000
60.0,9084,5,616,200,95000
56.0,4130,3,270,0,52000
48.0,17043,6,1362,435,181000
63.0,17423,9,2216,1166,501837
70.04995836802665,8125,4,858,0,88000
70.04995836802665,8780,5,833,0,112000
70.0,7763,5,931,506,140000
80.0,9600,6,1416,418,167000
80.0,11600,6,1383,292,145250
85.0,13175,6,1542,500,210000
60.0,10440,5,650,686,157500
84.0,10084,7,1552,782,212900
70.0,9100,5,925,429,117500
65.0,8773,7,1414,494,185500
105.0,8470,3,1013,0,85000
70.0,8393,5,1626,588,145000
87.0,11146,8,1709,908,255500
50.0,9000,5,636,240,124000
50.0,6000,6,698,624,134900
106.0,11194,8,1406,504,230500
70.04995836802665,7340,4,858,684,110000
120.0,15611,8,1079,685,233230
60.0,7200,7,596,576,157000
74.0,13101,5,1728,576,142600
36.0,2448,7,764,474,154000
58.0,17104,7,654,426,179665
52.0,6292,6,768,160,91000
70.04995836802665,12384,7,793,550,197900
80.0,10480,7,803,483,205000
70.04995836802665,5100,8,588,228,161000
65.0,8385,5,985,328,149900
59.0,8198,7,1358,484,207000
70.04995836802665,4426,6,848,420,143000
86.0,11065,8,1085,753,281000
80.0,11844,8,2046,834,372500
70.04995836802665,10316,7,992,839,235000
70.04995836802665,11888,6,844,441,214500
90.0,9900,7,1347,656,260000
90.0,7407,6,912,923,149700
70.04995836802665,8885,5,864,484,131000
70.04995836802665,12968,5,912,352,144000
141.0,31770,6,1080,528,215000
120.0,19296,6,1362,884,176000
60.0,8400,5,0,630,144000
80.0,8816,6,1010,440,155000
65.0,12257,8,1318,752,290000
73.0,9066,8,1004,660,230000
85.0,10182,8,1660,500,290000
50.0,5119,9,1698,506,328900
65.0,6768,6,912,288,142000
65.0,15426,6,928,470,231500
70.04995836802665,12936,6,723,497,162000
75.0,7500,5,1040,308,133000
103.0,13472,10,2392,968,386250
50.0,6000,6,1103,440,110500
85.0,10800,8,1034,836,339750
50.0,5000,5,720,360,87000
80.0,14000,6,1092,300,158500
85.0,10625,7,1053,528,170000
70.0,5600,4,0,0,55000
96.0,13132,5,747,180,138887
102.0,10192,7,570,487,170000
50.0,14859,7,1670,690,240000
24.0,2544,7,600,480,147400
100.0,15602,7,1501,484,289000
87.0,9246,5,1656,506,135000
60.0,9550,7,756,642,140000
108.0,14774,9,1393,779,333168
79.0,9480,5,728,312,146500
99.0,12099,8,1136,872,354000
85.0,14115,5,796,480,143000
64.0,9037,8,1476,472,265900
71.0,9230,5,864,884,146000
78.0,10140,6,1064,478,165000
65.0,6040,4,0,0,82000
78.0,10140,7,1650,583,213250
63.0,5000,5,540,352,79000
70.04995836802665,10355,5,1214,318,143000
70.04995836802665,13517,6,725,475,130500
72.0,10463,8,893,800,239900
70.04995836802665,7500,6,771,213,177500
86.0,11839,7,1475,514,262280
85.0,10000,8,1588,825,227000
79.0,8910,6,655,539,159500
79.0,9236,6,1479,576,217000
56.0,14720,8,2033,666,410000
57.0,8846,5,870,576,148000
60.0,9600,7,728,546,178000
52.0,6240,5,1078,360,162900
70.04995836802665,14115,7,1372,588,187500
75.0,12508,6,983,423,160000
68.0,10769,8,866,578,212000
72.0,9000,6,1196,297,139000
67.0,8777,4,0,520,108000
70.04995836802665,11500,4,0,290,84000
70.04995836802665,11075,5,784,530,172000
60.0,9738,5,784,392,104900
60.0,3600,6,684,216,114504
21.0,1869,6,483,280,106000
114.0,10357,7,910,719,179900
67.0,8877,4,836,396,102000
63.0,8487,7,1500,570,190000
70.04995836802665,16545,8,1284,1069,340000
70.04995836802665,19900,7,1947,576,180000
64.0,6762,7,1187,632,206000
81.0,12150,5,1050,352,131500
42.0,7711,4,1440,0,150000
83.0,10420,6,1212,460,186000
70.04995836802665,5700,7,572,288,116900
70.04995836802665,8963,8,1142,831,299800
57.0,8924,7,880,527,188000
70.04995836802665,9790,6,1328,528,143000
70.0,8400,5,1052,288,138500
121.0,16059,8,1288,462,260000
60.0,8190,4,948,280,119000
60.0,11414,7,728,532,167500
51.0,5900,4,440,0,85500
34.0,4590,8,1554,627,209500
85.0,11075,6,952,576,206900
70.04995836802665,25339,5,816,576,112000
62.0,7415,6,839,398,193000
78.0,9360,6,1161,676,197500
80.0,9600,6,1240,338,139000
50.0,6305,5,920,240,119750
64.0,7301,7,0,672,198500
71.0,7064,5,980,484,135000
68.0,11250,7,920,608,223500
75.0,10084,8,1686,636,307000
50.0,8000,6,972,240,132000
70.04995836802665,14175,5,1188,576,168000
70.04995836802665,9240,8,1055,905,287000
80.0,11584,7,539,550,197000
72.0,10011,5,1070,447,134450
70.0,7560,5,1040,286,133700
98.0,11478,8,1704,772,306000
104.0,11361,6,1193,478,180000
81.0,11216,8,1489,776,232600
51.0,3635,7,1386,660,175900
70.0,9100,7,1212,573,178000
67.0,9808,7,1573,544,227000
80.0,10400,6,732,484,165150
144.0,21384,5,1324,528,223500
64.0,8791,6,864,673,207500
110.0,14230,8,1566,890,256300
86.0,14157,9,1922,676,377426
83.0,13159,7,846,650,224500
84.0,11096,8,1656,826,249700
60.0,10800,4,641,273,100000
56.0,20431,9,1848,706,437154
100.0,10175,6,1425,576,180500
70.04995836802665,8854,6,952,192,121000
43.0,13568,5,990,576,156000
70.04995836802665,21453,6,938,540,180000
70.04995836802665,8900,4,1056,384,107000
42.0,14892,9,1746,758,377500
74.0,10141,7,832,427,185000
70.0,12886,5,520,480,175000
68.0,8935,7,831,493,195000
61.0,7658,9,1752,576,319900
70.04995836802665,18890,5,1361,600,190000
130.0,40094,10,3138,884,184750
50.0,6130,5,784,0,109500
85.0,6970,4,1040,544,129000
75.0,11235,4,1051,459,148000
70.04995836802665,11616,6,672,440,158900
50.0,5000,1,0,0,39300
30.0,3182,7,600,480,151000
70.04995836802665,3072,7,1375,398,178740
65.0,8944,5,1584,792,124000
70.04995836802665,11435,8,792,400,230000
80.0,11040,6,1258,528,145000
70.04995836802665,6173,5,876,288,125500
63.0,13072,6,1158,576,158000
80.0,13360,5,876,432,163500
70.04995836802665,18450,6,1021,596,129000
64.0,7314,7,1232,632,194500
60.0,7180,5,864,352,127000
82.0,11287,7,807,575,228500
78.0,12011,8,1086,592,280000
53.0,10918,7,1276,282,234000
62.0,7917,6,953,460,175000
50.0,8012,6,1604,533,193000
60.0,9060,5,0,252,120000
83.0,10159,9,1930,606,395192
75.0,9525,6,994,325,136900
70.04995836802665,9180,5,840,504,144000
36.0,2628,7,764,474,175500
50.0,3500,5,720,240,110000
70.04995836802665,11250,8,1128,779,255900
110.0,8472,5,816,516,110000
70.04995836802665,13837,7,1204,786,229000
98.0,8820,5,1088,456,124900
53.0,7128,7,918,240,164000
88.0,10994,8,1844,620,257000
89.0,10991,8,1571,722,239000
63.0,11426,7,1362,484,200000
82.0,11070,7,1907,766,171000
93.0,11999,8,1181,656,285000
100.0,13000,6,896,509,193500
30.0,3180,7,600,480,144152
75.0,9375,8,1053,648,250000
70.04995836802665,11000,8,969,648,248000
70.04995836802665,115149,7,1643,739,302000
98.0,16033,9,1833,772,326000
62.0,10106,5,644,0,127500
72.0,11317,7,840,500,180000
70.04995836802665,7920,6,319,0,89500
137.0,16492,6,1517,578,190000
40.0,4671,8,1228,472,189000
59.0,9042,6,943,472,192000
73.0,10921,4,960,432,94750
86.0,13286,9,1698,768,320000
80.0,9920,5,1056,280,128000
65.0,6993,5,912,288,135000
64.0,7018,5,0,410,118964
21.0,1890,4,630,0,81000
21.0,2217,4,546,286,88000
108.0,13173,9,1652,840,325000
75.0,7875,5,1144,456,139950
75.0,9986,8,1795,895,147000
118.0,13704,7,1541,843,205000
70.0,7910,5,1075,404,127000
24.0,2645,8,776,492,174000
93.0,9382,7,1468,577,191000
21.0,1680,6,483,264,89500
50.0,9340,4,672,234,113000
60.0,8400,5,720,240,179500
80.0,10386,8,2000,888,305900
74.0,8536,5,1125,430,155000
77.0,8335,5,0,0,93000
110.0,14442,6,1477,416,257500
70.04995836802665,159000,6,1444,389,277000
80.0,14000,7,1306,533,328000
100.0,9500,6,816,540,165000
69.0,7599,4,845,360,129500
69.0,9337,6,824,684,204750
79.0,11526,6,588,672,191000
70.0,10552,5,1398,447,165500
58.0,10852,6,959,472,173000
50.0,8600,6,780,198,119500
73.0,9855,6,1436,480,127500
60.0,10800,7,718,704,159500
100.0,12665,5,876,720,153900
73.0,7100,5,816,308,129900
80.0,10400,7,1090,479,152000
70.04995836802665,11717,6,1442,615,185000
50.0,8635,5,672,240,127000
70.04995836802665,8530,7,384,400,168500
92.0,9920,7,1117,455,269790
78.0,10206,8,1563,758,245000
70.04995836802665,53227,4,1364,529,256000
60.0,10800,4,720,0,135000
60.0,9600,4,1095,779,87000
73.0,8760,7,1391,868,239799
73.0,8993,7,1302,436,176485
40.0,4400,6,648,440,116000
85.0,9187,9,1766,478,370878
63.0,7875,7,1237,402,176000
81.0,9672,6,1040,480,152000
70.04995836802665,12537,5,1078,500,149900
70.04995836802665,10364,6,806,373,168000
70.04995836802665,23595,7,1332,586,260000
70.04995836802665,8755,7,992,390,214000
70.04995836802665,14375,6,819,525,137500
70.04995836802665,7758,7,1040,240,169500
61.0,7943,4,1029,261,118500
42.0,3964,6,942,576,151400
68.0,8846,6,750,564,173900
95.0,15865,8,2217,621,268000
44.0,6442,8,1370,484,202500
60.0,7200,6,1262,572,185000
80.0,11316,7,817,510,214900
93.0,12030,8,1694,818,318000
70.0,10500,4,864,576,97000
24.0,2522,6,970,380,130000
70.04995836802665,12513,4,715,368,104900
79.0,10634,5,608,270,123000
90.0,12376,7,1673,594,320000
60.0,6882,6,684,0,127000
55.0,5350,3,728,0,76500
70.0,8445,5,768,396,133000
50.0,7420,5,991,205,118000
50.0,6000,3,649,308,120000
65.0,9018,7,728,400,179540
66.0,8738,7,975,429,230000
70.04995836802665,4435,6,848,420,140000
96.0,12474,10,1682,846,426000
50.0,6000,5,884,216,117000
120.0,13728,6,1127,540,235000
60.0,11040,4,637,570,108000
313.0,63887,10,6110,1418,160000
70.04995836802665,9503,5,1024,484,144000
75.0,8004,8,832,552,263435
60.0,8172,4,941,548,135000
70.04995836802665,20781,7,1568,508,262500
70.0,9100,5,1728,504,125000
75.0,9803,7,866,603,226700
72.0,10152,5,1048,286,135000
65.0,9313,7,864,572,190000
50.0,5250,8,684,0,122000
73.0,9590,7,868,438,187500
70.04995836802665,11423,8,1581,670,272000
70.04995836802665,13650,5,1052,451,172500
60.0,7740,4,622,528,125500
57.0,6420,5,980,308,123500
64.0,6762,7,1286,662,193879
52.0,9439,5,912,160,87000
70.04995836802665,7750,8,408,527,184100
70.04995836802665,12546,6,1440,467,182900
90.0,17217,5,1140,0,84500
70.04995836802665,10382,7,1107,484,200000
72.0,7226,7,798,595,183000
65.0,8125,6,1408,575,193500
60.0,6000,6,735,440,131000
44.0,4224,5,1142,528,134000
70.04995836802665,9101,5,1097,602,165500
68.0,10880,5,1164,240,125000
60.0,6402,5,596,189,78000
63.0,8500,7,1422,626,179600
57.0,9764,5,894,450,130000
85.0,10574,8,1082,1043,252000
80.0,12435,7,963,564,231500
60.0,12180,4,672,280,80000
50.0,7175,6,744,264,125000
75.0,13125,7,800,240,219500
70.04995836802665,9636,6,808,389,178000
71.0,8520,5,910,720,166000
62.0,7500,7,1257,453,176000
168.0,23257,7,868,422,274725
80.0,9650,6,1350,630,167900
24.0,2160,7,600,462,160000
60.0,8520,6,714,216,136000
105.0,15431,10,3094,672,555000
60.0,6155,6,611,502,128000
118.0,35760,10,1930,807,625000
82.0,9950,7,1203,721,290000
74.0,10206,3,0,528,82000
70.0,8521,5,912,336,125000
65.0,8125,7,756,615,186500
75.0,10215,4,864,248,111000
72.0,8640,7,900,644,252678
60.0,10440,5,440,440,110000
63.0,7500,7,1080,0,141000
45.0,8248,5,686,280,116000
80.0,9760,6,780,442,167900
80.0,9938,7,1050,574,236000
54.0,6629,6,672,300,103600
70.04995836802665,9125,7,384,392,163900
58.0,6380,5,993,280,113000
72.0,8640,7,1372,529,250580
70.04995836802665,6853,8,1267,471,220000
65.0,8775,5,990,299,126000
60.0,9900,6,778,240,139500
109.0,14154,7,1063,947,280000
43.0,3182,7,1266,388,159895
75.0,7862,6,1218,676,208300
57.0,8280,6,932,306,124000
24.0,2308,6,855,440,147000
59.0,5310,6,485,255,117000
70.04995836802665,17600,6,1478,498,157500
58.0,8410,5,658,0,81000
65.0,8450,7,856,548,208500
70.04995836802665,7540,6,888,470,156000
70.04995836802665,28698,5,1013,538,185000
73.0,9735,5,384,400,167500
80.0,8480,5,970,624,132500
70.04995836802665,12328,6,1012,888,169900
89.0,11645,7,860,565,196500
50.0,6000,5,811,256,93000
124.0,11512,6,1019,312,177000
73.0,9300,5,1268,461,167500
149.0,12589,6,742,390,174000
44.0,5306,7,1064,504,239000
70.0,5684,6,813,270,110000
60.0,6780,6,520,0,84500
313.0,27650,7,585,505,242000
85.0,10200,6,1461,600,175000
65.0,8125,6,702,343,174000
60.0,9873,4,960,576,129000
60.0,7200,4,0,420,109900
60.0,7200,4,0,420,90000
54.0,7588,7,793,216,200100
75.0,9000,8,1184,550,303477
134.0,17755,5,1466,528,149900
60.0,10800,5,686,416,139000
59.0,11228,7,1080,678,228000
44.0,4750,8,1573,538,235000
81.0,15593,7,1304,667,225000
107.0,13891,9,1734,1020,582933
70.04995836802665,12224,6,992,390,244000
90.0,15750,5,1165,375,157000
68.0,9450,4,894,400,110000
32.0,10846,8,1719,473,324000
81.0,10944,7,1223,525,271000
80.0,8800,6,1251,461,160000
70.0,7535,5,912,297,120000
50.0,5925,3,600,0,37900
44.0,9548,7,941,613,237000
70.04995836802665,18800,6,796,566,190000
60.0,7879,4,720,0,34900
129.0,16737,9,1980,770,315000
91.0,14145,7,1208,440,202500
70.04995836802665,16635,6,1602,529,215000
40.0,5400,6,1149,216,152000
47.0,16321,5,1484,319,207500
70.04995836802665,10448,6,689,583,158000
24.0,2522,7,970,380,130000
93.0,11160,7,2110,522,244000
70.0,4270,3,544,0,79000
40.0,3636,4,796,0,55000
70.04995836802665,16669,8,1686,511,228000
86.0,10562,8,1582,789,325624
70.0,8750,7,880,512,191000
80.0,10197,6,1362,504,163000
70.04995836802665,9531,6,794,546,211000
64.0,5587,8,1600,482,392500
50.0,9000,7,650,324,143000
51.0,6120,5,768,450,88000
79.0,9490,6,806,240,133000
85.0,10200,5,1086,490,144900
21.0,1680,6,672,0,91500
74.0,8740,5,840,528,137000
55.0,8800,4,576,0,96500
60.0,7200,7,776,270,149000
82.0,9020,6,1127,490,174900
70.04995836802665,7851,6,860,440,216500
75.0,11404,7,1153,541,222500
70.04995836802665,10900,6,689,299,161750
95.0,12182,7,1541,532,220000
75.0,7388,5,1063,624,150750
50.0,6000,4,672,240,128000
85.0,11475,6,713,434,179900
70.04995836802665,9572,8,1453,750,302000
90.0,22950,10,1107,840,475000
115.0,16905,5,1350,308,170000
42.0,26178,7,1210,628,335000
85.0,8500,5,793,0,115000
68.0,7922,5,1057,246,109000
79.0,12327,8,1496,612,316600
85.0,14536,8,1616,808,270000
70.04995836802665,12160,5,1188,531,142000
49.0,15256,8,1485,754,282922
32.0,4500,6,1216,402,164000
98.0,11428,8,1626,866,250000
60.0,8064,5,672,576,122900
70.04995836802665,8246,5,1060,270,154000
24.0,2308,6,804,440,155000
60.0,8400,2,290,246,60000
47.0,4608,4,747,220,80000
65.0,7150,5,892,288,100000
70.0,7728,5,1106,540,132500
70.04995836802665,9500,6,1394,514,159000
60.0,7596,5,960,400,124500
36.0,4435,6,848,420,131500
50.0,8049,7,1309,484,180000
60.0,9000,6,784,360,76000
70.04995836802665,8978,5,948,300,108000
80.0,10000,5,1176,439,157000
70.04995836802665,10762,7,978,490,225000
63.0,9297,5,1728,560,188000
30.0,5232,5,680,504,73000
21.0,1596,4,462,297,91000
30.0,3000,6,612,528,173733
21.0,1680,6,483,288,94500
70.0,8750,7,915,493,210000
68.0,9571,5,1144,596,129000
70.04995836802665,10395,6,1032,564,148000
97.0,10029,6,1151,521,211000
66.0,13695,5,1114,576,159000
70.04995836802665,17871,6,1680,480,197900
21.0,1680,6,672,264,118000
60.0,8400,4,721,294,82000
70.04995836802665,3696,8,1074,461,170000
70.04995836802665,7000,5,864,336,136500
69.0,11302,8,1814,758,319000
60.0,7200,5,530,288,101000
72.0,8872,5,912,576,147000
92.0,11764,8,1152,671,290000
37.0,6951,5,876,264,119500
74.0,8892,5,105,414,116000
60.0,8544,3,0,400,92900
90.0,5400,4,840,338,105000
107.0,14450,9,2121,732,415298
59.0,11796,7,847,434,215000
51.0,6120,5,927,576,141500
78.0,7800,5,1268,244,132000
50.0,6000,4,960,308,108500
112.0,10859,5,1097,672,145000
60.0,10800,7,880,320,163000
80.0,9600,6,856,271,140000
120.0,13560,6,1392,576,110000
50.0,6000,6,780,280,132500
61.0,10226,8,1622,860,295493
35.0,4274,7,1241,569,199900
54.0,7244,5,768,624,129500
70.04995836802665,14778,6,1296,924,224000
60.0,8089,8,1419,567,392000
60.0,10800,5,1200,0,179000
70.04995836802665,7472,7,725,484,184000
87.0,11029,6,1184,601,176500
34.0,4571,5,624,513,98000
70.04995836802665,14762,5,0,672,169000
70.04995836802665,7446,4,788,0,100000
24.0,2289,6,855,440,148500
70.0,9100,6,864,300,127500
60.0,9000,4,864,528,120500
85.0,11475,5,1584,888,110000
65.0,8450,5,1056,304,142000
70.04995836802665,10020,1,683,0,61000
70.04995836802665,4403,7,1470,484,222000
60.0,5790,3,840,379,107400
68.0,9179,7,873,588,193000
70.04995836802665,10304,5,780,484,197500
21.0,1890,6,672,264,113000
114.0,14803,10,2078,1220,385000
24.0,2280,6,855,440,148500
75.0,9937,5,1256,276,147500
70.04995836802665,7861,6,783,393,183200
61.0,7259,6,1028,180,259500
86.0,22420,6,1370,864,239000
50.0,9000,6,780,544,141000
75.0,10382,6,588,264,140000
67.0,8777,5,1272,0,145900
88.0,12803,7,1494,530,221000
70.0,11767,4,560,384,112000
60.0,8070,4,990,0,123600
75.0,45600,6,907,360,240000
90.0,5400,5,833,326,117000
88.0,12665,8,1094,642,281213
80.0,10240,8,1030,878,275500
65.0,7800,5,864,288,130000
85.0,11924,9,1175,736,345000
60.0,7200,5,894,600,123000
50.0,8012,6,1575,529,179200
70.04995836802665,4426,6,848,420,141000
65.0,8850,7,815,225,144000
41.0,2665,5,757,336,127000
61.0,7577,6,1362,460,194700
70.04995836802665,3196,8,1273,400,215000
134.0,19378,7,1392,576,320000
71.0,7056,6,780,483,140000
60.0,9600,5,702,250,125000
68.0,8814,7,1604,660,220000
70.04995836802665,164660,5,1499,529,228950
80.0,9600,6,992,377,165500
21.0,1477,4,630,286,80000
94.0,12220,10,2006,900,402861
70.0,8400,8,810,528,227000
70.0,9100,7,1860,484,216837
60.0,6600,5,994,432,107500
60.0,6911,5,1145,440,100000
74.0,8556,7,1240,826,194000
90.0,11988,6,1244,336,150000
75.0,9742,8,1777,534,230000
70.04995836802665,9248,6,1158,400,173000
78.0,9262,8,1573,840,287090
85.0,14191,8,967,431,202900
60.0,5586,6,901,0,79900
110.0,14977,8,1976,908,440000
57.0,9906,4,686,210,107000
70.04995836802665,9286,5,1268,252,143500
35.0,4017,7,625,625,171900
75.0,9825,5,0,0,100000
90.0,11700,6,708,776,179900
60.0,7200,6,1214,506,133900
43.0,12118,7,1710,550,240000
50.0,6000,5,616,205,89000
70.04995836802665,10659,5,1050,368,136500
70.04995836802665,13500,6,1602,564,235000
60.0,8072,5,990,480,138000
68.0,9717,5,1078,240,142125
70.04995836802665,12205,6,832,444,187500
70.04995836802665,14585,6,1144,572,181900
76.0,7630,5,360,672,140000
65.0,10482,6,588,264,145000
70.0,12243,5,1484,487,175000
70.04995836802665,3196,7,1374,420,234000
40.0,4800,4,1196,440,109900
70.0,9100,5,864,624,129900
80.0,9250,5,1056,260,139400
92.0,10120,8,1165,844,290000
43.0,3182,7,1145,397,160200
70.04995836802665,11616,5,1092,288,139000
60.0,9600,5,264,360,132000
80.0,11900,6,1392,458,166000
65.0,8461,6,728,390,163990
72.0,10007,5,1053,312,145500
60.0,10896,6,1440,0,200000
70.04995836802665,9830,5,1063,576,162000
71.0,6900,5,740,924,120500
21.0,1680,6,525,264,88000
52.0,5825,4,600,528,79900
70.04995836802665,12394,7,847,433,225000
67.0,10656,8,1638,870,248900
48.0,12822,7,1434,670,239686
70.04995836802665,36500,5,1624,390,190000
121.0,17671,8,916,424,168000
94.0,25286,4,1064,648,132250
70.0,10150,5,912,275,114500
84.0,14260,8,1145,836,250000
70.04995836802665,11500,5,1680,528,136905
70.04995836802665,14100,8,728,1014,381000
50.0,5500,5,926,484,130000
51.0,9842,5,612,621,189000
24.0,2368,5,765,440,125000
53.0,3922,7,1258,648,172500
75.0,11957,8,1574,824,232000
70.04995836802665,15870,5,1096,299,138800
21.0,1680,6,483,264,100000
32.0,3363,7,976,380,130000
87.0,18386,7,1470,870,295000
152.0,12134,8,559,492,164000
150.0,215245,7,2136,513,375000
70.04995836802665,6240,5,896,240,115000
70.0,10500,5,372,288,139000
70.04995836802665,13869,6,794,388,177000
60.0,7350,5,952,840,139000
70.04995836802665,21695,6,880,540,222000
100.0,10004,6,1516,472,167000
93.0,12085,8,1734,928,318000
70.04995836802665,6820,8,1488,528,212000
36.0,2268,7,764,474,173000
60.0,10320,6,756,216,135000
65.0,8125,7,1092,438,241000
40.0,6792,7,1368,474,202665
111.0,16259,9,1249,840,342643
70.0,7560,5,1029,294,139000
58.0,16770,7,1195,486,221000
108.0,13418,8,1117,691,309000
63.0,7875,7,783,393,180000
65.0,8529,7,1454,527,189000
70.04995836802665,7153,6,1278,496,179200
63.0,15576,6,840,308,177000
70.0,8462,6,928,471,201000
70.04995836802665,12735,4,864,576,111250
24.0,2280,7,744,440,179400
85.0,13600,5,662,560,90000
80.0,10400,7,1845,604,241500
182.0,14572,7,1530,630,259000
35.0,6300,6,742,0,128000
21.0,1526,4,630,286,86000
84.0,11340,6,1200,312,125000
70.04995836802665,12227,6,1330,619,272000
70.04995836802665,12095,6,1127,645,158000
87.0,10000,6,1116,440,160000
70.04995836802665,5062,7,1190,577,207500
70.04995836802665,7032,5,943,600,135960
51.0,6171,6,976,216,137450
72.0,10791,4,0,516,90000
55.0,4388,5,672,0,87000
70.04995836802665,9900,7,832,486,176000
70.04995836802665,12122,7,944,588,178400
70.04995836802665,4928,6,958,440,143750
70.0,10570,8,853,440,315000
98.0,8731,5,915,495,144000
80.0,9760,6,822,440,187000
80.0,10721,6,1252,528,142000
52.0,6240,4,0,0,80500
82.0,12464,5,1040,576,152000
70.04995836802665,2117,6,756,440,177000
66.0,16226,8,1028,683,267000
70.04995836802665,12692,8,3200,546,430000
59.0,9587,7,856,400,190000
78.0,10496,6,1040,315,143000
78.0,10140,5,1056,495,153500
79.0,10208,7,1264,889,265000
60.0,9600,5,845,576,135000
75.0,13125,6,1478,508,208900
92.0,12003,8,774,680,269500
70.04995836802665,11241,6,1004,480,149000
50.0,7585,5,810,280,91500
70.0,8737,6,1065,440,210000
78.0,17503,6,912,330,97500
70.04995836802665,4500,6,1224,402,165000
43.0,3013,7,1362,440,213490
89.0,10680,5,2136,528,137900
24.0,2572,7,696,484,155000
70.04995836802665,11400,10,2633,804,466500
74.0,9612,8,1468,898,244600
57.0,7677,5,773,240,110000
21.0,1680,5,630,280,112000
60.0,7200,5,900,576,134800
50.0,6000,6,884,180,119000
70.04995836802665,16381,6,1844,540,223000
43.0,3182,7,1373,430,192500
74.0,8532,5,1297,498,153000
50.0,8405,4,0,240,98000
70.04995836802665,13680,3,0,452,139600
76.0,9291,6,832,506,187000
78.0,12090,6,585,477,178000
80.0,17400,5,1126,484,160000
70.04995836802665,5105,7,551,480,148800
57.0,7558,6,896,342,177000
53.0,3982,8,1520,648,264561
80.0,9600,5,1050,338,128900
92.0,11932,8,1580,830,235128
72.0,8640,8,1300,552,229456
60.0,10440,6,1510,520,256000
79.0,12798,6,616,603,200000
70.04995836802665,11120,6,1232,516,162500
24.0,1300,6,561,462,124000
107.0,10615,3,978,420,95000
60.0,6000,4,936,576,93000
41.0,12393,7,847,434,195000
74.0,8834,9,1462,738,350000
82.0,6270,5,1001,871,145000
70.04995836802665,14803,6,825,495,190000
95.0,13450,7,916,492,200000
80.0,9600,5,1041,270,124500
60.0,6180,6,960,180,102000
70.04995836802665,3136,7,1405,478,171750
94.0,10402,7,1226,740,198900
55.0,10267,6,816,275,130000
45.0,8212,3,864,200,58500
70.04995836802665,9000,5,1006,0,80000
68.0,50271,9,1842,894,385000
107.0,13891,8,1710,866,372402
93.0,12090,8,1141,420,258000
60.0,11340,4,777,560,122500
70.04995836802665,12493,4,1100,312,141000
70.04995836802665,12925,6,1205,550,237500
70.04995836802665,8926,4,672,288,112000
51.0,6120,7,952,468,129900
60.0,11664,6,1082,240,119200
100.0,12000,5,924,528,147000
41.0,4920,8,1338,582,213500
70.04995836802665,9303,6,872,422,204000
85.0,9350,6,1302,309,158000
50.0,8765,4,951,327,106500
21.0,1953,6,483,264,83000
60.0,7024,5,1090,450,157000
60.0,10998,5,984,660,117000
70.04995836802665,2117,6,756,440,168500
65.0,6435,6,972,312,140200
70.04995836802665,17542,7,1192,518,294000
88.0,8471,6,506,492,151000
120.0,10356,5,969,440,122000
35.0,3675,6,547,525,148000
62.0,12677,8,1518,588,274000
70.04995836802665,26142,5,1188,312,157900
85.0,10625,7,1026,936,250000
53.0,4043,6,1069,440,140000
70.04995836802665,11838,8,1753,522,236500
60.0,10800,5,954,520,160000
70.04995836802665,6627,3,0,287,72500
76.0,9120,6,1261,433,163000
51.0,6120,5,715,180,105000
60.0,10200,5,672,240,108000
35.0,9400,6,945,0,127500
60.0,10410,3,672,936,105000
75.0,9937,5,1486,480,167000
74.0,11988,6,715,240,188700
70.04995836802665,9947,7,1188,497,173000
75.0,12000,7,704,234,174500
60.0,15384,7,788,388,184000
78.0,12168,8,965,380,359100
78.0,10335,7,1490,577,204000
70.04995836802665,7750,7,660,400,162000
98.0,12203,8,1225,676,336000
174.0,25419,8,1360,795,235000
60.0,6204,4,795,440,118500
83.0,10005,7,1160,505,192000
70.04995836802665,16659,7,795,539,235000
63.0,9084,7,935,462,176500
38.0,14963,8,1260,500,245500
75.0,9464,6,1080,288,136000
70.0,9135,6,1682,544,200000
50.0,7000,6,617,398,112000
60.0,9600,4,1067,436,128000
69.0,9142,6,1020,440,137000
80.0,16692,7,1392,564,250000
75.0,9750,7,1108,583,274300
70.04995836802665,5890,6,816,432,120500
70.04995836802665,53107,6,1580,501,240000
40.0,5664,8,1501,499,278000
102.0,17920,5,1763,454,170000
43.0,3010,7,1248,438,167240
70.04995836802665,7050,7,1057,650,226000
80.0,9600,6,1262,460,181500
77.0,9965,7,1264,792,383970
65.0,8450,5,894,336,138500
60.0,10800,6,482,672,163000
60.0,7800,5,828,300,119900
94.0,9400,6,912,0,139000
70.04995836802665,14781,8,1753,748,275000
92.0,12108,4,1440,0,118000
80.0,9600,6,1032,288,119000
91.0,14303,8,1986,691,301500
90.0,10012,4,1138,588,137500
93.0,10261,6,936,451,186500
56.0,4060,5,864,0,99900
80.0,8700,5,1120,525,155000
75.0,9000,8,1088,1025,270000
70.0,7700,6,756,442,155000
70.04995836802665,7162,5,876,408,109900
61.0,8800,5,1040,484,150500
55.0,7892,6,918,264,99500
80.0,9600,6,1156,364,153000
85.0,11900,7,1386,544,82500
60.0,9600,6,735,396,129500
70.04995836802665,19690,6,697,432,274970
60.0,6931,7,746,397,165400
70.04995836802665,16196,7,1482,514,215000
70.0,8400,6,650,476,171000
70.04995836802665,10530,6,981,576,143250
55.0,10592,6,602,180,165000
69.0,14850,5,1092,299,141000
55.0,4500,5,793,281,159434
96.0,11777,5,1164,564,164500
107.0,11362,8,1836,862,280000
60.0,10120,7,925,308,122000
60.0,10800,5,1120,720,120000
95.0,11787,7,1379,834,315750
70.04995836802665,11275,6,854,432,220000
85.0,14601,9,1838,765,315000
80.0,9364,6,663,299,158000
59.0,10593,7,1720,527,260400
70.0,9247,6,858,490,171000
70.04995836802665,7758,5,999,264,132500
70.04995836802665,9765,6,680,420,185000
60.0,7024,4,1132,451,176000
66.0,21780,6,1163,396,185000
34.0,4060,6,1405,511,181000
65.0,8450,7,1349,539,179000
70.0,7931,5,1148,672,132500
70.0,11184,6,918,440,172500
21.0,1533,4,546,0,97000
40.0,13673,5,1140,349,143900
70.04995836802665,8339,5,0,294,106500
70.04995836802665,10832,7,712,409,194500
60.0,6600,5,894,308,109500
69.0,7590,5,864,264,169500
80.0,10421,7,980,496,196500
66.0,13695,6,1114,576,155000
83.0,9849,7,1689,954,248328
79.0,9492,5,768,240,105000
75.0,13860,8,1952,538,345000
70.04995836802665,11885,8,1299,531,261500
50.0,7207,5,858,0,116500
60.0,6960,4,864,660,120500
90.0,11248,9,1626,702,285000
85.0,10625,5,458,366,83000
75.0,9000,5,936,286,118000
51.0,10480,6,1064,240,115000
70.0,9170,5,1214,461,140000
78.0,11700,6,727,441,154000
43.0,7052,7,1364,484,185850
70.04995836802665,13006,7,964,642,222000
78.0,10530,6,975,504,135000
80.0,8546,4,1121,440,140000
78.0,10335,5,1461,440,180000
103.0,11175,7,1316,440,200141
84.0,8658,6,1088,440,160000
70.04995836802665,5814,8,1220,565,187500
73.0,8760,6,1194,312,148000
88.0,11394,9,1856,834,394432
70.04995836802665,9819,5,882,280,122000
60.0,8160,5,756,240,126000
71.0,12209,6,804,560,215000
60.0,6600,5,816,816,138000
109.0,8724,5,894,450,129000
70.04995836802665,1974,4,546,286,83500
85.0,10452,6,1094,495,155000
90.0,14115,6,1073,470,230000
60.0,10800,4,0,0,106250
70.04995836802665,9375,7,1057,645,219500
70.04995836802665,10920,6,1253,352,157000
70.04995836802665,11170,7,1216,693,250000
70.04995836802665,11000,5,1154,480,154000
105.0,15578,6,728,429,172785
60.0,8123,6,982,463,179000
60.0,10410,5,660,180,135000
82.0,9430,8,1252,856,337000
65.0,8450,7,1436,484,210000
70.04995836802665,11333,6,1029,539,146800
60.0,10800,5,796,566,170000
88.0,11782,5,1109,576,148000
70.0,9135,7,1536,532,214000
69.0,9920,5,971,300,128500
37.0,7937,6,1003,588,142500
73.0,11883,7,1504,478,203000
95.0,11345,5,928,400,137000
80.0,9600,7,1242,528,175500
66.0,9042,7,1152,252,266500
48.0,12137,7,1649,598,224900
70.04995836802665,7917,6,1143,504,148000
51.0,4712,4,747,305,121600
75.0,10125,6,1196,473,171500
110.0,13688,9,1572,726,412500
52.0,6240,4,780,539,103000
65.0,8767,7,1310,400,164990
82.0,12438,8,1234,666,361919
60.0,7200,5,936,672,140000
66.0,6858,6,806,216,128000
64.0,7406,7,1199,632,194000
70.0,7700,5,882,461,112500
24.0,2016,5,630,440,106000
99.0,11851,7,1424,500,180500
60.0,7313,9,1561,556,277500
32.0,4500,6,1204,412,162000
60.0,9600,7,689,360,161000
70.04995836802665,4426,6,848,420,149300
70.0,9100,7,1525,541,235000
85.0,8500,5,1235,480,98600
73.0,8499,6,616,432,156932
64.0,7018,5,0,528,142953
70.04995836802665,13346,7,1095,590,268000
48.0,10635,8,1657,502,232000
86.0,11210,7,1614,865,221500
40.0,3880,5,686,0,110500
91.0,10652,7,1494,840,279500
71.0,7795,7,716,432,188500
74.0,10927,8,1058,736,275000
72.0,7200,6,1041,352,125000
35.0,3675,6,547,525,140000
70.04995836802665,10708,5,1617,303,190000
70.04995836802665,12155,6,672,400,140000
101.0,14215,8,1158,853,325300
60.0,7200,5,0,420,98300
70.04995836802665,13700,7,864,492,201800
30.0,3180,7,600,480,151000
89.0,13214,9,2002,746,378500
63.0,13907,5,996,0,108000
37.0,4435,6,848,420,136500
84.0,10207,7,874,578,227875
70.0,7420,5,1057,576,132000
41.0,4923,8,1593,682,286000
70.04995836802665,2651,7,673,490,165000
59.0,4282,7,1391,530,196000
75.0,14559,5,1008,288,164900
70.0,8749,7,1459,527,192000
41.0,5330,8,1494,499,251000
70.04995836802665,10970,6,940,576,147000
65.0,11700,7,1240,864,265979
65.0,8366,6,798,520,173000
57.0,7449,7,637,280,139400
153.0,4118,4,693,0,52500
70.04995836802665,7015,5,709,352,110000
50.0,35133,5,1572,995,186700
129.0,9196,7,1560,573,201000
82.0,7136,6,979,492,145000
99.0,7094,5,894,384,125000
43.0,3182,8,1256,430,192000
91.0,12274,7,1417,554,227680
96.0,12444,8,1932,774,394617
63.0,8849,9,1684,564,266000
47.0,53504,8,1650,841,538000
67.0,8877,4,816,288,100000
88.0,14200,7,924,487,226000
70.0,8750,6,804,523,200500
50.0,9405,5,698,0,118000
70.04995836802665,57200,5,747,572,160000
40.0,3951,6,612,528,164500
70.04995836802665,10624,5,1728,352,119000
63.0,13072,6,1141,484,142500
85.0,10628,7,1277,526,167000
50.0,6060,4,732,264,100000
80.0,9600,8,2524,542,278000
78.0,9317,6,1314,440,176432
65.0,7804,4,1122,576,135000
60.0,8172,5,864,572,115000
55.0,7642,7,912,216,189950
53.0,3684,7,1373,660,174000
