battery_power,clock_speed,dual_sim,int_memory,mobile_wt,n_cores,ram,px_height,px_width,talk_time,touch_screen,wifi,class_0,class_1,class_2,class_3
1923,0.5,1,46,191,1,1489,767,1759,3,1,1,0,1,0,0
633,2.2,0,49,139,8,3560,529,1009,16,1,1,0,0,1,0
1236,0.9,1,57,188,1,1406,517,809,20,0,1,1,0,0,0
781,1.1,0,38,198,5,3508,304,1674,5,0,1,0,0,0,1
1456,0.5,1,7,105,5,1587,823,1104,20,0,1,0,1,0,0
1741,0.5,0,55,140,5,2575,719,755,7,1,1,0,0,1,0
1512,0.9,0,46,145,5,869,336,670,19,1,1,1,0,0,0
763,1.7,1,2,92,8,1050,1028,1186,8,1,0,1,0,0,0
1099,0.5,0,61,146,3,1699,393,1096,3,1,1,0,1,0,0
1994,0.8,1,7,88,8,454,667,711,6,1,0,1,0,0,0
1966,1.4,1,40,185,8,1185,1197,1987,20,1,0,0,0,1,0
503,2.5,0,57,185,6,305,778,1291,16,0,1,1,0,0,0
1329,1.7,0,23,198,8,2308,380,682,9,1,0,0,1,0,0
743,0.5,1,33,95,2,316,1587,1659,4,0,0,1,0,0,0
1407,2.4,0,22,104,4,2192,1172,1217,13,0,1,0,0,1,0
1617,1.5,0,63,111,2,2754,274,1079,8,1,1,0,0,1,0
1559,1.6,1,6,162,6,3352,179,1559,3,1,1,0,0,0,1
1760,1.4,1,63,127,8,2053,1382,1383,16,1,0,0,0,1,0
609,0.5,0,26,93,4,1866,938,1948,14,1,1,0,1,0,0
1424,0.5,1,23,80,4,1053,1399,1663,16,1,1,0,1,0,0
1315,2.6,0,64,128,7,3278,59,575,13,0,0,0,0,1,0
1730,2.0,1,20,143,4,1595,418,1023,12,1,0,0,1,0,0
1949,0.5,1,31,145,5,832,837,1182,19,0,0,0,1,0,0
1395,2.8,0,55,118,3,3373,782,1787,16,1,0,0,0,0,1
794,2.5,1,14,197,3,2171,312,1376,18,0,1,0,1,0,0
1358,1.7,0,60,147,3,440,889,1635,13,0,0,1,0,0,0
1901,0.5,0,41,131,2,368,3,1662,12,0,0,1,0,0,0
1735,1.9,1,59,148,6,3230,137,846,9,1,0,0,0,0,1
919,0.5,1,13,159,1,1028,275,570,17,0,0,1,0,0,0
769,1.2,0,17,95,8,1877,1384,1454,11,0,1,0,1,0,0
1190,2.2,1,47,186,6,624,1417,1441,19,1,1,1,0,0,0
769,0.5,1,54,112,4,941,1385,1780,20,0,1,1,0,0,0
1702,1.0,0,36,177,5,1430,1240,1931,10,0,0,0,0,1,0
612,0.7,0,35,181,5,3169,1294,1337,6,0,0,0,0,1,0
1589,0.6,0,5,112,5,3430,776,1397,19,1,1,0,0,0,1
1201,0.5,0,10,99,7,495,306,558,14,1,1,1,0,0,0
1524,1.8,1,10,174,4,2678,154,550,13,0,1,0,0,1,0
1068,0.7,1,51,124,4,550,1405,1910,6,1,0,1,0,0,0
1323,2.5,1,28,131,4,1892,162,619,15,1,1,0,1,0,0
1063,1.5,0,3,155,4,1919,394,849,20,1,0,0,1,0,0
685,0.5,1,13,82,7,3210,1091,1203,2,1,1,0,0,0,1
1490,0.5,1,64,150,8,3600,1417,1464,7,1,1,0,0,0,1
688,2.5,0,40,109,5,1382,376,1957,8,1,0,0,1,0,0
539,0.6,1,21,145,7,3597,551,599,9,0,0,0,0,1,0
1183,0.5,1,48,120,8,1152,268,1010,3,0,0,1,0,0,0
587,2.3,1,6,170,1,2777,612,1793,14,1,0,0,0,1,0
1713,3.0,1,20,104,7,971,237,890,10,0,0,1,0,0,0
630,2.0,0,14,180,8,1212,66,1448,12,0,0,1,0,0,0
1254,1.2,1,50,108,5,3959,462,1013,17,1,0,0,0,0,1
1872,0.5,1,49,139,7,3153,81,1389,5,1,0,0,0,0,1
1218,1.8,1,14,147,3,398,229,616,5,0,0,1,0,0,0
1339,2.3,1,40,123,2,2382,212,1269,7,0,1,0,0,1,0
563,0.5,1,41,145,5,2603,1263,1716,9,1,0,0,0,1,0
1263,2.0,0,5,146,6,1958,954,1609,4,1,1,0,0,1,0
1278,1.0,0,24,170,3,3141,1352,1775,11,1,1,0,0,0,1
1057,2.7,0,41,97,4,2033,397,891,2,1,0,0,1,0,0
1560,2.3,0,22,169,7,1938,745,1364,16,1,1,0,0,1,0
733,0.6,1,63,105,7,984,950,1739,9,0,1,1,0,0,0
1412,0.6,0,57,86,3,1853,2,660,18,0,1,0,1,0,0
1476,0.5,0,43,148,2,3644,1789,1972,6,0,1,0,0,0,1
1992,1.6,0,57,100,2,606,1552,1596,4,1,1,0,1,0,0
1899,0.6,0,26,151,2,336,96,814,4,0,1,1,0,0,0
1972,1.2,1,37,102,2,2870,715,1648,17,0,0,0,0,0,1
1694,1.8,0,53,186,6,1653,1194,1208,6,0,0,0,0,1,0
1469,2.1,0,8,123,7,1052,398,1133,3,1,0,1,0,0,0
730,2.1,1,4,89,8,1210,302,1247,4,1,1,1,0,0,0
1502,1.2,0,54,138,5,3693,65,588,16,1,0,0,0,0,1
1589,2.6,0,46,84,3,2373,618,940,20,1,0,0,0,1,0
1891,2.8,0,37,129,7,3704,169,1108,11,0,0,0,0,0,1
582,0.5,1,27,168,3,2437,985,1420,2,1,1,0,0,1,0
1608,1.8,1,28,183,2,489,1013,1158,8,0,1,1,0,0,0
1175,0.6,0,25,145,2,3153,137,1501,12,0,0,0,0,1,0
918,0.9,1,8,123,7,1652,653,671,14,1,0,0,1,0,0
1174,0.7,1,25,91,2,285,1097,1461,3,0,1,1,0,0,0
1125,2.7,0,23,117,1,1641,774,939,12,1,0,0,1,0,0
1089,0.9,1,2,145,5,2765,636,1259,10,0,1,0,0,1,0
658,2.7,0,12,103,7,3587,1156,1750,20,0,0,0,0,0,1
755,2.8,0,51,186,4,2734,315,990,16,0,1,0,0,1,0
1611,0.5,1,3,98,3,1595,303,714,9,0,1,0,1,0,0
714,2.1,1,11,197,3,1164,1750,1857,19,1,0,0,1,0,0
1065,1.7,1,48,162,6,265,1188,1948,12,0,0,1,0,0,0
832,0.5,0,22,198,1,1666,343,1431,20,1,1,0,1,0,0
893,2.5,1,55,183,2,2986,417,946,6,1,1,0,0,1,0
1178,1.3,0,49,101,5,2511,579,596,17,0,0,0,0,1,0
1805,0.5,0,29,182,4,1276,758,891,17,1,0,0,1,0,0
831,1.7,1,26,177,5,1704,511,621,20,1,1,1,0,0,0
817,1.3,0,11,144,3,2039,722,766,19,1,0,0,1,0,0
1414,1.5,1,44,180,2,3490,44,1118,13,1,0,0,0,0,1
1496,1.9,1,38,126,4,1927,501,506,6,0,1,0,1,0,0
1482,0.5,0,48,142,7,2971,634,642,12,1,1,0,0,1,0
1062,0.5,0,39,124,4,1345,571,817,11,0,1,1,0,0,0
1876,2.8,1,56,182,3,3021,235,585,18,0,0,0,0,1,0
1083,2.9,1,39,173,8,3248,523,542,6,0,1,0,0,1,0
777,2.6,0,30,148,5,3886,189,1143,7,0,0,0,0,0,1
1620,2.6,1,5,186,6,1086,434,1339,13,0,0,0,1,0,0
733,2.1,0,7,174,7,1403,445,1409,2,1,0,1,0,0,0
1021,1.3,0,9,192,2,1355,901,1793,14,1,0,0,1,0,0
1504,1.5,0,34,142,8,2806,507,973,7,0,1,0,0,1,0
1001,2.8,1,40,117,3,3654,922,1836,10,1,1,0,0,0,1
1310,1.4,0,33,105,1,1301,806,1016,19,0,1,0,1,0,0
511,0.9,1,24,136,3,2378,367,1264,4,0,0,0,1,0,0
641,1.1,0,7,192,1,3595,417,759,19,1,1,0,0,1,0
805,0.8,0,34,88,6,3647,1262,1538,9,0,1,0,0,0,1
1801,0.5,1,52,120,6,258,100,1708,9,0,0,1,0,0,0
744,1.7,1,33,105,4,2700,1252,1963,19,0,0,0,0,1,0
1588,2.5,0,4,148,5,2506,146,822,11,0,0,0,0,1,0
1834,2.1,0,40,99,4,3692,0,1987,16,1,0,0,0,0,1
1082,0.8,0,38,198,8,2337,986,1191,17,1,1,0,0,1,0
1600,0.5,0,16,94,4,2073,1315,1710,4,1,0,0,0,1,0
1159,2.7,0,28,80,8,2495,378,751,9,1,1,0,0,1,0
1270,0.6,1,32,101,7,3770,299,845,13,1,0,0,0,0,1
1995,1.9,0,9,139,6,1203,1830,1963,18,1,1,0,0,1,0
1229,0.5,1,14,191,2,1667,120,1878,17,0,1,0,1,0,0
1404,2.1,0,44,151,1,1196,1703,1880,5,0,1,0,1,0,0
864,1.6,1,53,88,6,493,262,1436,10,1,0,1,0,0,0
1509,0.6,1,50,81,4,1540,1010,1684,3,1,0,0,1,0,0
1286,2.3,0,16,98,2,424,18,662,4,1,0,1,0,0,0
1053,0.8,1,45,103,1,3086,594,1767,5,1,1,0,0,0,1
1772,1.6,0,45,159,2,1146,837,1405,17,1,0,0,1,0,0
1949,1.4,0,57,145,7,356,951,1178,19,0,0,1,0,0,0
1673,1.6,0,42,182,5,3094,214,679,20,0,0,0,0,1,0
1011,1.1,0,36,131,7,2261,481,749,16,1,1,0,1,0,0
1487,1.5,0,42,120,2,2003,857,989,3,0,0,0,0,1,0
808,0.5,1,8,192,4,3762,618,1891,12,0,1,0,0,0,1
720,1.4,1,61,96,7,2799,1347,1733,15,0,1,0,0,0,1
1786,0.5,0,58,161,7,2764,231,1671,7,1,1,0,0,0,1
1606,1.4,0,57,154,4,3454,1127,1924,20,0,1,0,0,0,1
1882,1.3,1,47,140,2,2500,119,652,11,0,1,0,0,1,0
1907,2.0,0,55,105,7,286,713,1513,17,0,1,1,0,0,0
1317,1.8,1,43,113,5,3436,179,613,5,1,1,0,0,0,1
547,1.9,1,37,154,5,2705,371,541,10,1,0,0,1,0,0
1056,2.1,1,37,101,3,2651,914,979,3,1,1,0,0,1,0
775,1.0,0,46,159,2,568,862,1864,11,1,1,1,0,0,0
1591,2.2,0,49,154,6,3703,1384,1883,20,1,0,0,0,0,1
1005,0.5,0,46,133,8,3884,176,1556,20,1,1,0,0,0,1
1614,1.2,0,9,161,3,1832,173,1219,11,0,0,0,1,0,0
895,0.5,1,16,164,8,3122,126,1575,4,0,1,0,0,1,0
899,2.7,0,53,192,4,2870,641,1638,10,0,1,0,0,1,0
1583,1.6,0,42,118,3,3652,275,862,9,0,0,0,0,0,1
1379,1.1,1,18,129,2,2358,838,885,15,1,0,0,0,1,0
1905,0.6,1,36,119,3,1287,825,1542,16,0,0,0,1,0,0
1816,1.6,1,50,186,5,3637,800,1089,16,0,1,0,0,0,1
1720,0.7,1,19,137,2,1222,409,646,7,0,0,0,1,0,0
831,0.7,0,62,134,8,2573,1482,1490,18,0,1,0,0,1,0
771,2.9,0,62,106,1,1628,1709,1781,6,1,0,0,1,0,0
1373,1.9,1,29,141,6,2752,1220,1348,7,1,1,0,0,0,1
1590,0.6,1,7,122,3,1201,1464,1595,18,1,1,0,1,0,0
1230,1.6,0,48,111,7,1622,1960,1963,16,1,1,0,0,1,0
955,0.5,0,2,155,4,1974,428,1254,18,1,0,0,1,0,0
680,2.4,0,34,157,2,3845,686,1418,4,1,1,0,0,0,1
1269,1.3,0,52,118,2,665,1597,1920,5,0,0,0,1,0,0
1656,1.0,0,34,166,3,1629,880,1456,14,1,0,0,1,0,0
793,1.0,1,30,133,2,2332,1858,1935,14,1,1,0,0,1,0
1154,2.0,0,35,159,5,3262,1003,1827,16,0,0,0,0,0,1
1732,1.1,0,12,119,8,1308,824,881,11,0,1,0,1,0,0
717,0.5,1,10,198,1,688,217,1106,15,1,0,1,0,0,0
1174,0.9,0,30,147,4,804,744,1244,16,1,1,1,0,0,0
897,1.4,1,17,171,1,2948,547,1852,5,0,1,0,0,1,0
1657,2.4,0,42,198,5,2597,1770,1796,14,0,0,0,0,0,1
634,0.8,0,41,192,1,3242,1362,1853,4,0,1,0,0,0,1
1337,0.5,0,31,186,2,2180,48,644,16,0,1,0,1,0,0
930,1.0,1,4,144,8,2016,1017,1289,16,1,1,0,1,0,0
1187,2.3,0,21,122,6,2547,215,1125,5,1,0,0,0,1,0
545,0.5,0,11,131,3,616,381,1452,19,1,1,1,0,0,0
598,2.3,1,21,196,2,3293,680,1173,7,0,1,0,0,1,0
1266,2.6,0,18,86,7,398,1187,1595,3,1,1,1,0,0,0
798,0.6,1,21,110,2,1647,661,1951,3,0,0,0,1,0,0
972,1.3,0,44,82,7,3925,297,589,7,1,0,0,0,0,1
1104,1.7,0,60,199,2,1229,653,1413,3,1,1,1,0,0,0
605,1.0,0,9,142,3,392,160,1026,4,0,0,1,0,0,0
840,1.2,1,15,178,6,2636,526,1728,6,1,0,0,0,1,0
1944,1.8,1,31,87,4,2560,1111,1362,8,0,0,0,0,0,1
1039,0.5,1,47,130,8,1742,384,1878,15,0,0,0,1,0,0
1368,0.5,0,42,91,1,1590,907,925,14,0,0,0,1,0,0
1697,0.7,0,34,95,1,3701,236,1264,8,1,0,0,0,0,1
1095,0.5,0,45,197,1,560,179,1247,10,1,0,1,0,0,0
1260,2.0,1,23,123,7,2208,905,1313,10,0,1,0,0,1,0
1558,2.5,0,32,114,5,878,322,1385,17,1,1,1,0,0,0
1189,1.9,0,7,164,2,841,79,615,11,1,0,1,0,0,0
586,2.8,0,15,83,3,2592,241,854,3,0,0,0,1,0,0
1638,1.0,0,2,189,1,2299,440,563,9,1,1,0,0,1,0
907,2.6,1,44,160,3,3911,144,896,8,0,0,0,0,0,1
867,1.5,0,57,159,4,2157,289,724,18,0,0,0,1,0,0
1707,1.4,0,41,80,7,1774,1331,1388,10,0,0,0,0,1,0
1660,2.8,1,7,184,1,1531,76,1165,7,0,0,0,1,0,0
1454,0.5,1,34,83,4,3419,250,1033,5,1,0,0,0,0,1
1766,1.3,0,29,194,8,2316,439,1306,6,0,1,0,0,1,0
1307,1.8,0,7,88,7,1412,897,1103,5,0,1,0,1,0,0
1997,1.8,1,40,185,4,1655,866,1212,15,0,0,0,0,1,0
1708,2.4,1,49,109,1,3388,233,517,16,1,1,0,0,0,1
914,0.7,0,60,198,5,3736,740,840,5,0,0,0,0,0,1
663,0.8,1,25,183,2,3176,82,1605,2,0,1,0,0,1,0
719,2.9,0,6,102,6,841,405,1141,2,0,0,1,0,0,0
1763,0.5,1,10,184,3,792,238,1893,13,0,1,1,0,0,0
1354,0.7,1,26,136,4,2090,297,918,13,1,0,0,1,0,0
1216,3.0,0,47,199,3,2268,1852,1967,4,1,1,0,0,1,0
1957,1.2,1,36,151,2,1115,1194,1727,18,0,1,0,1,0,0
555,0.5,1,17,163,5,343,956,1010,3,1,1,1,0,0,0
1048,1.5,0,29,182,1,2146,29,1670,2,0,0,0,1,0,0
1061,2.1,0,52,109,7,999,138,1330,9,1,0,1,0,0,0
902,0.6,1,63,122,5,3654,364,1360,15,1,1,0,0,0,1
1197,0.5,1,20,129,5,2885,214,1710,14,1,1,0,0,1,0
1519,2.1,0,32,200,1,2912,168,1239,15,1,0,0,0,1,0
1971,0.5,1,40,186,7,571,485,922,17,1,0,1,0,0,0
882,0.7,1,28,151,6,751,248,884,8,0,1,1,0,0,0
1332,1.3,1,7,168,7,2790,846,855,10,1,0,0,0,1,0
1910,1.4,0,29,146,7,2944,333,639,2,1,1,0,0,1,0
973,0.5,1,53,196,5,1861,105,588,16,1,0,0,1,0,0
612,1.9,1,16,102,7,3161,1360,1891,3,0,0,0,0,0,1
1179,0.8,0,5,154,5,543,913,1429,18,0,1,1,0,0,0
980,0.5,0,33,160,6,2268,1008,1758,4,1,0,0,0,1,0
1137,2.2,0,3,173,5,316,1250,1285,17,0,0,1,0,0,0
1485,2.8,0,44,138,4,3271,341,774,8,1,0,0,0,0,1
1201,0.5,0,10,198,6,726,1151,1723,3,1,0,1,0,0,0
1695,0.5,1,47,189,5,1629,308,1208,11,1,0,0,1,0,0
1093,0.5,0,31,171,2,1646,1310,1420,6,1,0,0,1,0,0
1154,0.5,0,14,156,7,587,251,1801,4,1,1,1,0,0,0
697,2.7,1,20,173,2,259,478,1477,4,1,1,1,0,0,0
1511,2.5,1,21,114,3,3746,1455,1982,5,0,0,0,0,0,1
1062,1.5,0,45,151,3,911,798,1435,9,0,0,1,0,0,0
1470,1.7,1,45,121,1,3259,777,1090,14,0,1,0,0,0,1
1524,2.5,1,41,96,4,1936,184,740,9,1,1,0,1,0,0
1853,0.5,1,27,197,6,1973,985,1005,8,0,1,0,0,1,0
1212,2.6,0,46,102,4,2249,611,1715,4,1,1,0,0,1,0
674,2.9,1,21,198,3,1180,576,1809,4,1,1,1,0,0,0
1273,0.7,0,23,178,6,558,485,1399,13,0,0,1,0,0,0
1109,2.1,0,34,173,1,2821,165,1103,17,0,1,0,0,1,0
683,0.7,0,19,173,4,2622,954,1985,5,0,1,0,0,1,0
1902,2.8,1,50,124,8,343,1142,1393,18,1,0,1,0,0,0
1538,2.3,0,13,121,7,1494,567,986,12,1,1,0,1,0,0
1281,2.8,1,8,144,4,1851,590,954,9,1,0,0,1,0,0
689,2.9,1,7,147,2,1241,487,722,16,0,0,1,0,0,0
1394,0.9,1,62,175,5,473,1010,1565,20,1,0,1,0,0,0
745,0.6,1,35,102,8,2459,89,1538,16,1,0,0,1,0,0
1133,1.4,0,42,199,5,1457,730,1543,20,0,1,0,1,0,0
1900,2.0,1,41,190,8,850,912,1596,4,1,1,0,1,0,0
1193,2.3,0,20,158,7,1958,1442,1904,2,0,0,0,0,1,0
1565,0.5,0,38,121,5,308,781,1364,7,1,1,1,0,0,0
664,1.1,1,51,110,7,3629,701,1478,6,1,1,0,0,0,1
610,1.6,1,52,90,4,3472,1039,1273,12,1,1,0,0,0,1
1872,0.5,0,26,172,4,2273,672,1088,8,0,1,0,0,1,0
1757,0.5,0,49,180,6,2056,265,713,4,0,0,0,1,0,0
1063,1.1,0,26,101,5,3809,1208,1232,5,0,1,0,0,0,1
672,0.6,1,61,194,5,1457,724,1127,20,0,1,1,0,0,0
649,1.4,0,19,190,7,739,344,1551,2,1,0,1,0,0,0
584,1.7,1,19,199,4,3996,919,1343,17,1,1,0,0,0,1
879,1.5,1,21,187,4,2927,463,1038,11,0,1,0,0,1,0
1846,0.6,0,19,159,1,1333,83,773,11,1,1,0,1,0,0
1268,2.9,0,42,182,6,931,360,912,20,1,0,1,0,0,0
1545,1.3,1,35,173,5,3197,115,1352,6,0,1,0,0,0,1
1232,1.2,0,30,131,6,1656,625,761,15,1,1,0,1,0,0
1158,0.7,1,29,123,2,1542,311,1796,15,0,1,0,1,0,0
696,2.4,0,35,103,3,2022,533,797,4,0,1,0,1,0,0
680,2.1,1,9,131,3,2438,1428,1500,17,0,0,0,0,1,0
586,0.6,0,42,121,7,1869,785,1118,7,1,1,0,1,0,0
1308,1.3,1,46,199,1,488,275,989,9,1,0,1,0,0,0
504,2.8,1,54,163,2,2378,1207,1539,2,0,0,0,0,1,0
1467,0.5,0,18,122,5,3962,888,1099,5,1,1,0,0,0,1
1748,1.7,1,14,146,3,3968,859,1234,3,0,1,0,0,0,1
1417,0.5,0,45,166,4,2129,364,1029,12,0,1,0,1,0,0
999,2.9,1,64,199,4,2593,1397,1616,16,1,0,0,0,1,0
1265,0.6,1,49,90,1,1518,275,687,8,0,1,0,1,0,0
1000,0.5,0,63,179,8,3744,1537,1761,7,0,1,0,0,0,1
1874,2.7,1,8,166,7,1246,964,1233,2,0,1,0,1,0,0
1658,1.4,1,38,159,5,2609,51,739,19,0,0,0,0,1,0
673,1.9,0,35,142,6,3541,1096,1570,4,0,1,0,0,0,1
1127,2.9,1,57,163,1,2048,928,1049,17,1,1,0,1,0,0
614,0.7,0,51,178,7,2854,1012,1040,12,0,1,0,0,1,0
972,0.5,1,13,193,5,1615,1392,1795,13,1,0,0,1,0,0
1821,1.7,0,10,139,8,3220,381,1018,18,0,1,0,0,0,1
894,2.1,1,16,168,8,3377,286,1300,6,1,1,0,0,1,0
891,1.9,1,18,153,6,1303,40,1435,4,1,1,1,0,0,0
694,1.8,1,36,193,4,3676,983,1230,5,0,1,0,0,0,1
603,0.7,1,64,156,6,604,1842,1968,8,1,1,1,0,0,0
972,1.7,0,54,107,3,1900,681,1050,19,0,1,0,1,0,0
685,2.7,0,17,174,6,1223,725,870,18,0,1,1,0,0,0
603,1.5,0,12,114,6,1543,1003,1284,19,1,0,0,1,0,0
1563,2.4,0,24,170,8,3660,142,1699,5,1,0,0,0,0,1
1631,0.5,0,13,166,2,2173,960,1735,8,1,0,0,0,1,0
1829,2.1,0,59,91,5,3142,1457,1919,5,1,1,0,0,0,1
541,2.3,0,51,200,8,403,1012,1226,12,0,0,1,0,0,0
1923,1.0,1,14,154,4,2519,15,525,16,0,1,0,0,1,0
1519,2.9,0,30,112,7,2440,1122,1702,10,1,1,0,0,1,0
990,2.7,1,15,153,2,2698,1466,1717,6,0,0,0,0,1,0
1306,2.1,1,33,174,3,2521,867,1258,16,0,0,0,0,1,0
999,2.6,1,56,165,4,3083,342,1641,11,1,1,0,0,1,0
1166,0.5,0,59,80,1,3887,437,638,7,0,1,0,0,0,1
1070,3.0,0,19,160,7,2647,90,1614,20,1,0,0,0,1,0
1973,0.5,1,21,95,8,1724,127,507,8,0,1,0,1,0,0
1948,2.9,1,5,136,1,361,651,700,10,1,0,1,0,0,0
1995,0.5,0,26,129,1,1322,649,1104,7,1,1,0,1,0,0
902,0.7,0,3,134,7,3411,675,1285,15,0,1,0,0,0,1
969,2.4,0,45,124,7,404,491,589,19,0,1,1,0,0,0
1331,0.5,0,55,146,3,1732,1162,1531,11,0,1,0,1,0,0
580,2.1,1,24,135,4,3565,404,898,8,0,1,0,0,1,0
1843,2.8,0,62,104,3,3899,21,832,6,0,1,0,0,0,1
1949,1.3,1,23,101,5,2478,839,1136,20,0,0,0,0,0,1
808,1.9,0,20,185,6,1471,496,974,11,1,0,1,0,0,0
1358,2.5,1,20,135,7,3406,1485,1655,11,0,1,0,0,0,1
1496,2.0,1,42,182,5,854,96,741,7,1,1,1,0,0,0
1205,2.7,0,10,163,6,953,321,1870,20,1,1,1,0,0,0
1788,0.5,0,6,141,6,2321,149,1022,20,1,0,0,0,1,0
1128,1.4,0,53,84,5,2982,609,1370,12,1,0,0,0,0,1
1576,2.2,0,5,139,3,3904,258,789,7,1,1,0,0,0,1
1073,0.5,1,51,145,7,2908,690,804,18,1,0,0,0,1,0
1970,0.5,1,15,132,2,1658,1399,1684,20,1,1,0,0,1,0
920,0.5,0,46,149,3,2608,1058,1421,2,0,1,0,0,1,0
1260,0.6,0,13,106,6,2710,165,736,8,1,0,0,0,1,0
660,0.5,0,40,111,2,588,262,1178,18,1,1,1,0,0,0
1310,1.1,1,7,194,5,3182,117,513,5,1,0,0,0,1,0
1035,0.6,1,44,99,3,3506,236,1960,12,1,0,0,0,0,1
1820,1.7,1,64,161,1,574,1157,1951,18,1,0,0,1,0,0
1777,3.0,0,20,188,6,3868,511,616,7,1,1,0,0,0,1
534,0.5,1,16,189,5,3926,393,1199,20,0,0,0,0,0,1
1368,3.0,1,50,97,7,2496,698,829,5,1,1,0,0,1,0
1219,1.0,1,17,196,5,705,473,1022,6,1,1,1,0,0,0
671,2.9,0,2,95,6,2278,614,1617,2,0,0,0,0,1,0
1131,0.5,1,49,101,5,1835,658,878,16,1,0,0,1,0,0
1681,2.5,0,11,158,2,1122,195,1205,16,1,1,1,0,0,0
835,0.8,1,42,128,5,2583,396,1378,13,1,1,0,0,1,0
1172,1.9,0,27,164,1,1477,607,1092,6,0,0,0,1,0,0
964,2.0,0,22,86,8,2577,225,1234,5,1,0,0,0,1,0
1197,1.3,0,20,149,6,1797,649,1629,4,1,1,0,1,0,0
1972,1.6,0,48,92,8,2872,290,804,11,0,1,0,0,0,1
1275,0.5,1,5,152,1,3784,19,501,4,1,0,0,0,0,1
723,0.5,0,3,168,4,1851,920,1748,16,0,0,0,1,0,0
1568,0.5,0,33,150,8,508,413,654,6,1,1,1,0,0,0
1456,1.6,1,39,80,8,3998,815,1666,13,1,0,0,0,0,1
1156,0.5,0,61,89,7,1796,1214,1262,13,1,1,0,1,0,0
818,1.3,0,43,177,6,546,111,510,7,1,1,1,0,0,0
903,1.0,1,50,91,1,711,1230,1235,10,1,0,1,0,0,0
721,1.3,1,16,125,1,1713,408,1862,4,1,1,0,1,0,0
1144,1.5,1,21,189,1,3252,159,724,8,0,0,0,0,1,0
1168,1.3,0,61,90,8,3173,159,1578,17,0,1,0,0,0,1
586,0.5,1,57,188,2,3646,1226,1389,11,1,1,0,0,0,1
561,2.1,1,2,193,3,665,1055,1294,4,1,0,1,0,0,0
1856,0.5,1,24,155,5,2052,277,1155,10,1,0,0,0,1,0
511,0.7,1,52,180,2,3865,24,759,7,0,1,0,0,1,0
811,2.4,1,2,106,6,2111,333,1429,2,0,1,0,1,0,0
1914,0.7,0,35,118,8,643,942,1701,8,0,1,0,1,0,0
1461,2.4,1,40,141,7,3799,1265,1298,4,0,0,0,0,0,1
1433,2.3,0,5,129,5,2132,420,784,19,0,1,0,1,0,0
809,0.8,0,21,91,7,1274,1453,1726,3,0,0,0,1,0,0
1008,0.8,0,61,114,3,2009,1077,1122,11,0,0,0,1,0,0
578,2.6,1,57,162,8,1270,1025,1433,5,0,1,1,0,0,0
765,2.9,0,18,153,7,1066,6,793,16,1,0,1,0,0,0
1692,2.3,1,46,139,1,1394,674,1925,6,1,0,0,1,0,0
576,0.8,0,27,121,2,1519,757,1518,8,0,1,0,1,0,0
1240,1.6,0,39,146,2,3260,1511,1756,17,0,1,0,0,0,1
530,2.4,0,32,88,6,959,48,1012,6,1,0,1,0,0,0
948,1.5,1,18,119,4,2926,340,1728,9,1,1,0,0,1,0
1068,2.7,1,45,194,5,1754,935,1499,9,0,1,0,1,0,0
1194,2.3,0,34,165,2,313,494,509,19,1,0,1,0,0,0
1278,0.5,1,54,104,8,1155,581,750,20,0,1,1,0,0,0
1811,2.0,0,22,82,2,2847,358,614,4,0,1,0,0,1,0
801,2.2,1,63,165,7,1617,650,879,19,0,1,0,1,0,0
576,1.2,0,30,162,8,2800,847,893,16,1,1,0,0,1,0
1322,2.3,1,35,157,1,3684,443,708,6,0,0,0,0,0,1
1382,0.5,0,13,199,2,2073,612,719,9,0,1,0,1,0,0
1924,2.6,0,59,136,6,3646,1438,1923,16,0,1,0,0,0,1
1641,1.1,0,48,97,8,1695,224,1994,17,0,1,0,0,1,0
1671,0.6,1,61,129,2,2336,263,848,7,0,0,0,0,1,0
576,2.8,0,10,184,5,2938,513,1438,5,1,1,0,0,1,0
1533,1.1,1,17,160,4,2520,1054,1393,11,0,1,0,0,1,0
1063,2.0,0,27,86,6,2668,201,582,19,0,0,0,0,1,0
718,0.7,1,21,88,1,1754,518,830,9,0,1,0,1,0,0
1191,0.8,0,46,89,6,824,42,807,7,0,0,1,0,0,0
599,2.9,0,64,186,8,3396,103,646,7,0,0,0,0,1,0
1595,0.8,1,44,85,4,3881,1024,1838,9,0,1,0,0,0,1
1370,1.4,0,6,158,6,3703,1392,1783,11,1,0,0,0,0,1
1918,1.9,0,10,110,5,1717,1170,1543,16,1,1,0,0,1,0
1811,2.5,0,5,98,4,2700,447,568,8,1,1,0,0,1,0
1703,0.5,0,23,92,6,793,134,521,17,1,0,1,0,0,0
1154,1.1,1,5,98,1,1470,539,1240,12,0,0,0,1,0,0
894,0.5,1,50,199,3,3615,1285,1462,6,0,1,0,0,0,1
954,0.5,0,50,134,2,438,228,1058,2,0,0,1,0,0,0
684,0.9,1,63,157,5,3756,159,1738,12,1,1,0,0,0,1
507,1.9,1,39,142,1,2124,17,1084,12,1,0,0,1,0,0
1530,2.0,0,42,177,6,725,454,1975,19,0,1,1,0,0,0
1887,3.0,1,17,126,8,3348,1172,1798,16,1,0,0,0,0,1
568,2.0,0,36,179,3,950,181,1703,9,0,0,1,0,0,0
1108,2.9,0,52,183,2,3264,130,1706,13,1,1,0,0,0,1
1170,1.2,0,30,83,8,1073,27,1722,8,1,0,1,0,0,0
1866,2.5,1,47,89,5,1444,358,1782,20,0,0,0,1,0,0
1165,2.4,0,41,178,6,764,564,831,15,0,0,1,0,0,0
1991,2.2,1,42,82,1,722,366,613,10,1,0,1,0,0,0
1944,0.5,0,36,197,6,584,1060,1970,13,1,0,0,1,0,0
1320,0.5,1,48,168,5,2893,103,1583,9,0,1,0,0,1,0
1030,0.5,0,37,147,1,2800,503,551,12,0,1,0,0,1,0
1444,2.1,0,38,104,7,3764,624,917,10,0,0,0,0,0,1
667,1.3,1,6,149,6,3566,272,870,12,0,1,0,0,1,0
1564,1.5,1,42,108,2,3376,1619,1962,7,1,0,0,0,0,1
874,1.3,0,8,185,1,582,442,1248,15,0,0,1,0,0,0
1189,2.3,0,8,198,3,893,379,932,13,1,0,1,0,0,0
1595,2.6,0,12,121,8,3608,344,655,16,1,0,0,0,0,1
1910,1.7,0,34,115,2,309,985,1284,10,0,1,1,0,0,0
1512,1.7,0,6,162,7,2335,205,884,7,1,1,0,0,1,0
1928,2.6,0,5,162,5,696,229,1004,15,1,1,1,0,0,0
1590,1.5,1,14,187,4,2836,1058,1109,4,0,0,0,0,0,1
930,1.3,1,14,97,6,2457,77,1025,17,1,0,0,1,0,0
1800,0.7,0,8,100,7,3481,400,823,8,0,1,0,0,0,1
514,0.7,0,57,186,3,687,168,1320,20,1,1,1,0,0,0
832,0.7,1,39,103,4,1799,125,1504,11,0,1,0,1,0,0
826,2.4,1,58,88,4,2863,179,786,18,0,1,0,0,1,0
794,0.5,1,2,106,6,668,1222,1890,19,1,0,1,0,0,0
854,0.5,0,30,125,8,2889,518,1152,11,0,1,0,0,1,0
1610,2.9,0,64,181,4,941,1236,1280,9,1,0,0,1,0,0
1986,0.5,1,39,89,7,3476,251,599,17,1,0,0,0,0,1
804,0.8,1,41,89,1,2027,709,818,11,0,0,0,1,0,0
1113,0.6,1,25,145,1,277,1047,1312,12,0,1,1,0,0,0
1826,0.5,1,49,172,8,1612,973,1633,17,1,0,0,0,1,0
1277,0.5,1,35,142,6,3559,309,1460,6,1,0,0,0,0,1
1130,0.5,1,29,130,1,432,593,1327,10,1,1,1,0,0,0
1753,0.5,1,31,134,1,1324,1590,1926,17,0,1,0,0,1,0
915,0.5,1,33,199,2,2156,503,986,13,1,0,0,1,0,0
1988,0.5,0,16,94,8,3144,153,696,14,0,0,0,0,0,1
873,0.5,1,8,152,7,575,1257,1411,7,0,1,1,0,0,0
1628,1.8,1,56,136,2,3358,500,1713,12,1,1,0,0,0,1
1271,1.5,1,2,161,1,892,1260,1788,20,1,0,0,1,0,0
1444,2.1,1,6,103,1,712,1274,1340,10,0,0,1,0,0,0
1766,0.5,1,16,141,5,3314,125,1227,17,0,1,0,0,0,1
1744,1.0,0,20,112,8,1205,68,718,14,0,0,0,1,0,0
1299,2.8,1,64,83,6,1938,46,908,5,0,1,0,1,0,0
912,0.5,1,58,107,5,3573,165,1723,20,1,0,0,0,0,1
623,2.0,0,6,127,3,3657,144,672,19,1,0,0,0,1,0
769,2.9,1,9,182,5,3946,248,874,7,0,0,0,0,0,1
1441,0.6,1,53,106,1,1393,254,954,4,1,1,0,1,0,0
1489,2.1,1,9,169,3,1663,923,1759,14,0,1,0,1,0,0
1839,1.2,0,54,200,7,927,475,1493,18,0,1,0,1,0,0
691,2.7,1,33,108,4,424,951,962,15,1,1,1,0,0,0
1423,0.6,0,44,131,5,2253,501,640,9,0,0,0,1,0,0
1563,1.7,1,16,151,7,3922,410,572,8,0,1,0,0,0,1
1092,2.7,1,45,185,1,1303,1404,1424,20,1,1,0,1,0,0
1620,2.2,1,30,185,3,606,832,1033,18,0,0,1,0,0,0
1428,1.6,0,7,153,4,1808,584,983,13,1,0,0,1,0,0
525,2.4,1,35,190,7,1609,82,670,3,0,0,1,0,0,0
1571,1.4,0,19,100,6,666,713,1398,13,1,0,1,0,0,0
563,2.0,1,47,115,7,3012,211,684,15,0,0,0,0,1,0
1379,2.1,1,63,83,1,651,207,1370,7,1,0,1,0,0,0
1245,0.6,0,30,105,5,2676,330,1434,7,0,0,0,0,1,0
1438,1.8,0,16,169,8,2246,859,867,15,0,0,0,0,1,0
1861,0.9,0,55,148,7,601,1698,1877,4,0,0,0,1,0,0
1220,2.8,0,54,109,7,1037,383,1249,15,0,0,1,0,0,0
642,2.8,0,34,197,2,3355,331,1011,13,0,0,0,0,1,0
1624,2.6,1,58,200,3,1251,1530,1744,18,1,1,0,1,0,0
560,2.0,1,57,81,3,2167,80,1327,7,0,1,0,1,0,0
1987,0.5,0,53,181,3,3117,1052,1516,8,1,1,0,0,0,1
909,0.7,1,47,146,3,1244,410,1643,16,1,0,1,0,0,0
1562,0.5,1,20,172,8,3465,678,1676,6,1,0,0,0,0,1
1356,2.8,0,29,198,6,3702,1612,1983,19,0,0,0,0,0,1
643,1.0,0,18,187,8,2648,442,1079,18,1,1,0,1,0,0
1413,0.5,1,45,104,5,2973,1949,1994,15,0,1,0,0,0,1
510,1.7,1,35,120,3,2509,382,1228,11,1,1,0,1,0,0
1397,2.9,1,9,87,6,3137,1308,1991,11,1,1,0,0,0,1
1039,1.3,0,12,200,8,1619,1428,1827,10,1,1,0,1,0,0
1823,2.8,1,10,81,8,1812,362,1250,19,1,1,0,0,1,0
618,1.1,0,45,188,3,2339,1175,1586,10,1,0,0,0,1,0
561,1.0,0,11,163,8,3421,492,1176,5,1,1,0,0,1,0
1526,2.1,0,23,117,7,2227,718,751,3,1,0,0,0,1,0
1251,0.5,1,29,133,6,1052,308,591,11,0,0,1,0,0,0
1236,2.8,0,32,143,4,942,492,1403,14,1,1,1,0,0,0
1029,1.9,1,5,171,5,582,264,956,4,1,1,1,0,0,0
1355,2.3,0,23,132,5,880,651,891,8,1,0,1,0,0,0
594,0.8,0,28,132,5,3087,1011,1263,4,1,1,0,0,1,0
852,1.8,1,8,160,5,315,683,1349,20,0,0,1,0,0,0
637,2.3,0,60,97,4,374,1125,1989,8,0,1,1,0,0,0
914,0.9,0,4,100,2,808,191,1495,5,1,0,1,0,0,0
1289,0.8,1,16,161,6,3167,713,1854,20,1,0,0,0,0,1
601,2.1,0,26,101,4,918,509,548,12,0,0,1,0,0,0
856,1.1,1,19,125,6,650,1057,1931,10,0,1,1,0,0,0
1677,1.8,1,11,124,6,3771,271,1477,12,0,0,0,0,0,1
1987,1.9,0,50,119,8,857,960,1925,6,1,0,0,1,0,0
1961,1.5,0,55,100,7,2355,861,1888,6,1,1,0,0,0,1
871,0.6,0,52,178,3,437,194,1437,17,0,0,1,0,0,0
1349,2.0,1,62,114,5,2756,592,772,4,0,0,0,0,1,0
1544,2.3,0,45,113,8,1300,236,857,18,1,0,0,1,0,0
947,0.8,1,22,197,2,2842,1176,1220,2,0,0,0,0,1,0
1836,1.7,1,26,134,6,3097,408,1139,18,1,0,0,0,0,1
1195,2.0,1,23,82,4,980,163,1100,17,0,0,1,0,0,0
1150,2.7,0,39,151,8,999,397,800,11,1,0,1,0,0,0
930,2.1,1,54,80,1,1743,1569,1763,9,1,0,0,0,1,0
860,1.3,1,49,141,6,3869,692,979,20,1,1,0,0,0,1
1175,1.7,1,45,167,2,2240,90,557,5,1,0,0,1,0,0
1576,2.6,0,58,90,3,336,400,631,13,1,1,1,0,0,0
1387,0.5,0,61,98,3,629,785,1151,11,1,0,1,0,0,0
1762,0.6,0,26,83,6,2661,525,704,4,1,0,0,0,1,0
1261,0.5,1,11,90,4,348,858,1591,14,0,1,1,0,0,0
1848,1.3,1,12,178,2,3915,195,533,8,0,1,0,0,0,1
914,0.5,0,26,147,4,1122,706,721,2,1,1,1,0,0,0
1537,2.5,0,43,137,1,3685,839,1131,17,1,1,0,0,0,1
1081,1.9,1,42,101,7,2456,83,816,7,0,0,0,1,0,0
1581,1.0,0,41,172,4,1384,693,850,2,1,1,0,1,0,0
1296,1.4,1,11,129,7,2552,1222,1382,10,1,1,0,0,1,0
1178,2.2,1,57,84,3,2492,96,1352,10,1,0,0,0,1,0
570,0.5,1,9,111,7,3663,1331,1917,14,0,0,0,0,0,1
1731,2.3,1,60,171,4,1220,142,1039,20,1,0,0,1,0,0
1567,2.1,1,22,153,3,3991,190,1326,10,0,0,0,0,0,1
1328,0.5,0,27,144,3,2674,602,1156,5,0,1,0,0,1,0
880,0.5,1,44,172,8,3132,436,1302,6,1,1,0,0,1,0
832,1.6,1,34,108,5,447,311,1294,12,1,0,1,0,0,0
1027,2.2,0,63,102,5,1732,152,714,13,1,1,0,1,0,0
1824,0.8,0,19,143,2,2381,1055,1738,5,0,0,0,0,1,0
730,1.5,0,9,122,4,2787,1371,1677,7,0,1,0,0,1,0
668,0.5,1,3,155,5,2746,666,1203,8,1,1,0,0,1,0
1646,2.3,0,41,185,2,3339,1725,1932,19,1,0,0,0,0,1
1035,1.9,1,11,173,6,2002,831,1709,5,1,0,0,1,0,0
897,2.0,0,2,154,8,1958,0,994,7,1,0,0,1,0,0
1790,2.5,1,2,184,1,1366,622,792,20,1,1,0,1,0,0
1524,2.6,1,57,124,2,947,629,635,16,1,1,1,0,0,0
1587,0.5,0,50,148,8,461,299,874,4,0,1,1,0,0,0
688,1.5,0,2,89,3,391,271,869,8,1,1,1,0,0,0
1571,2.9,0,30,150,7,586,805,956,4,1,1,1,0,0,0
1429,0.6,0,42,151,5,1817,670,1552,16,0,0,0,1,0,0
881,1.0,0,64,160,3,2110,115,636,6,1,1,0,1,0,0
1441,2.1,1,3,118,8,2317,577,1071,7,0,1,0,0,1,0
696,0.5,0,51,197,3,2630,649,907,9,0,1,0,1,0,0
1893,2.1,1,63,134,2,3822,637,763,18,1,1,0,0,0,1
989,0.7,0,51,132,3,2349,670,804,20,0,1,0,1,0,0
1880,2.0,0,35,200,4,1930,930,1983,15,1,0,0,0,1,0
1799,1.0,0,30,123,3,445,617,1386,10,1,0,1,0,0,0
1109,2.8,1,57,151,1,2785,124,833,16,0,0,0,0,1,0
1549,1.5,1,27,113,5,436,632,1162,11,0,0,1,0,0,0
774,0.6,1,8,136,1,2614,1713,1865,14,1,1,0,0,1,0
1184,1.5,1,48,191,1,3315,519,1577,14,1,1,0,0,0,1
869,1.0,0,57,118,1,2727,1243,1584,8,0,0,0,0,1,0
544,0.5,1,7,129,5,1675,227,610,17,1,0,1,0,0,0
1627,0.9,1,32,180,6,3206,52,1082,16,1,0,0,0,0,1
904,1.8,0,35,168,3,1360,42,507,11,0,0,1,0,0,0
1778,0.5,0,23,101,6,3941,1028,1445,13,0,0,0,0,0,1
1969,1.2,1,63,132,4,298,390,756,10,1,0,1,0,0,0
1425,0.6,0,33,89,3,3771,396,1648,9,0,1,0,0,0,1
1830,0.5,0,7,191,6,2334,460,1583,14,1,0,0,0,1,0
1825,1.1,1,17,157,4,3130,1621,1773,2,0,1,0,0,0,1
504,1.0,0,14,189,7,1607,881,1129,10,1,1,1,0,0,0
1272,2.5,1,22,133,6,2235,605,669,4,0,0,0,1,0,0
664,1.2,1,28,106,5,2042,754,1497,19,1,0,0,1,0,0
775,2.6,0,30,189,7,2523,561,1510,9,0,1,0,0,1,0
1974,0.5,1,10,145,6,1433,530,1496,17,0,0,0,1,0,0
1723,1.0,0,7,126,3,1213,384,1361,16,1,1,0,1,0,0
504,2.8,1,40,178,3,470,626,1195,16,0,0,1,0,0,0
1936,1.3,0,44,139,3,1400,570,1021,3,0,1,0,1,0,0
840,0.9,1,33,150,6,2072,1482,1591,19,1,0,0,0,1,0
805,0.7,0,64,97,4,418,641,704,17,1,1,1,0,0,0
781,1.3,1,64,88,2,3862,368,607,9,0,0,0,0,0,1
1270,2.3,0,58,104,5,3299,1512,1716,16,0,1,0,0,0,1
1786,2.6,0,14,115,4,3038,616,912,14,0,0,0,0,0,1
686,2.7,1,36,194,4,1503,64,745,13,0,0,1,0,0,0
1944,0.6,1,59,132,7,769,634,1079,3,0,1,1,0,0,0
1205,0.5,1,12,175,4,860,573,614,14,0,1,1,0,0,0
1602,1.6,1,35,99,7,1829,1325,1800,13,0,0,0,0,1,0
1106,1.9,0,54,107,3,2674,614,1212,9,0,1,0,0,1,0
1430,0.5,1,27,183,1,2832,1132,1182,15,1,1,0,0,1,0
1566,0.5,1,20,126,2,659,1603,1930,13,1,1,0,1,0,0
508,0.8,0,42,94,1,663,39,557,7,0,0,1,0,0,0
1219,1.6,1,4,169,6,1998,1419,1698,4,0,0,0,0,1,0
1210,1.6,1,57,111,4,1886,329,1039,17,0,1,0,1,0,0
681,0.5,1,17,194,5,2548,371,1702,5,0,1,0,0,1,0
1126,2.4,0,10,160,6,2050,1223,1611,12,1,1,0,0,1,0
1815,2.8,0,33,159,4,1482,607,748,2,0,0,0,1,0,0
1122,0.5,0,40,156,7,1456,675,1163,20,1,0,0,1,0,0
1854,3.0,0,8,101,5,1886,506,627,20,1,0,0,1,0,0
709,2.0,1,35,136,1,1973,1545,1596,16,1,1,0,1,0,0
1522,0.7,1,28,124,1,1368,952,1191,17,0,1,0,1,0,0
754,0.5,1,59,178,7,1027,1914,1928,5,0,0,0,1,0,0
1708,0.8,0,14,197,4,1247,263,1345,16,0,0,0,1,0,0
1410,0.5,1,15,92,3,2304,192,1311,18,1,0,0,0,1,0
783,1.7,1,27,150,6,1185,458,1263,6,1,1,1,0,0,0
1979,1.6,1,32,165,7,452,833,1630,14,1,0,1,0,0,0
564,1.8,1,51,168,3,1074,912,1980,15,1,0,1,0,0,0
1986,0.5,0,51,95,3,3165,342,774,13,0,0,0,0,0,1
1498,0.7,0,8,170,7,3358,347,1076,19,0,0,0,0,0,1
1250,1.5,0,20,167,5,3314,11,1020,6,1,1,0,0,1,0
536,2.4,1,3,182,7,284,1386,1539,4,1,0,1,0,0,0
1181,2.3,0,61,116,2,2020,385,831,18,1,0,0,1,0,0
983,0.6,1,45,130,4,2052,948,1205,6,0,1,0,1,0,0
1002,0.8,1,35,83,2,1726,1345,1416,19,0,1,0,1,0,0
1097,2.1,1,64,161,3,1725,419,1914,9,0,1,0,1,0,0
963,0.5,0,60,156,3,2722,742,821,16,0,0,0,0,1,0
534,0.5,1,2,85,5,2466,911,1220,18,1,1,0,0,1,0
1031,2.1,1,11,121,2,2385,532,1247,16,0,0,0,0,1,0
723,1.9,0,30,102,1,2339,1467,1901,17,1,1,0,0,1,0
523,2.6,1,14,155,8,1427,304,1042,9,1,0,1,0,0,0
1285,0.8,1,11,199,5,3966,1791,1896,2,1,1,0,0,0,1
532,0.8,1,8,193,5,728,1213,1354,8,1,0,1,0,0,0
1686,2.8,1,38,166,4,2958,397,1453,2,0,0,0,0,0,1
1271,0.5,1,54,159,8,990,613,650,6,1,1,1,0,0,0
774,2.8,0,55,124,3,3916,8,896,12,1,0,0,0,0,1
1337,2.7,1,5,200,4,3242,161,1029,20,1,0,0,0,1,0
1963,1.0,0,34,157,2,714,1136,1813,2,0,1,0,1,0,0
1726,0.9,1,51,193,4,2239,379,1223,13,0,1,0,0,1,0
920,2.1,1,25,115,7,785,209,1078,5,1,1,1,0,0,0
765,2.5,0,44,88,8,2256,1364,1851,19,1,1,0,0,1,0
1656,0.5,1,38,105,7,1499,506,519,19,0,1,0,1,0,0
1433,2.3,0,27,153,7,3900,1619,1651,2,0,1,0,0,0,1
1007,2.9,1,21,185,8,1301,479,831,12,1,0,1,0,0,0
961,1.4,1,57,114,8,2782,291,1434,7,1,1,0,0,1,0
1615,2.8,0,9,117,1,2948,542,678,3,1,0,0,0,1,0
1188,1.4,1,9,114,2,2896,1339,1558,16,0,1,0,0,0,1
1881,2.2,0,51,158,5,1229,477,1553,14,0,0,0,1,0,0
1523,2.4,0,57,117,2,3971,247,539,10,1,1,0,0,0,1
1310,2.3,1,57,135,8,1175,449,889,8,0,0,1,0,0,0
1900,0.5,1,55,171,1,3917,934,1241,18,0,1,0,0,0,1
1625,0.5,1,50,107,8,670,8,1219,8,0,0,1,0,0,0
1068,0.5,1,19,197,8,1209,322,875,12,1,0,1,0,0,0
1438,2.2,0,32,176,7,869,683,1663,9,1,1,1,0,0,0
1878,1.5,1,56,139,5,2711,183,559,3,1,1,0,0,1,0
869,1.9,0,2,197,7,3249,519,533,12,0,1,0,0,1,0
1930,2.0,0,16,186,8,1783,1901,1920,13,0,1,0,0,1,0
930,0.5,1,34,190,4,2131,1050,1726,6,0,1,0,0,1,0
1489,2.4,1,32,200,1,776,172,812,8,0,0,1,0,0,0
615,2.5,0,10,131,6,2769,1216,1786,11,0,0,0,0,1,0
584,1.8,0,19,168,3,465,1123,1622,4,1,0,1,0,0,0
1237,0.5,0,27,87,8,2454,274,603,8,1,1,0,0,1,0
1433,1.6,0,4,133,8,258,281,799,4,1,1,1,0,0,0
1980,0.5,1,29,177,1,3865,312,1910,18,0,0,0,0,0,1
1859,0.5,1,22,164,1,1067,1004,1654,10,0,0,0,1,0,0
1225,2.1,1,13,116,4,3836,759,1404,11,0,0,0,0,0,1
1263,1.4,1,32,103,2,3372,409,644,10,1,0,0,0,0,1
1117,0.6,1,31,146,2,2003,1258,1627,14,1,1,0,0,1,0
1578,1.9,1,37,138,4,2458,411,1226,3,0,1,0,0,1,0
560,0.5,1,50,159,2,2150,1448,1613,11,1,0,0,0,1,0
569,0.6,1,39,184,8,2811,389,739,7,0,1,0,1,0,0
822,0.5,0,51,157,6,3846,667,860,3,0,0,0,0,0,1
1372,2.7,0,34,193,4,725,687,937,20,0,0,1,0,0,0
1528,1.8,1,55,129,5,1282,454,1762,11,1,1,0,1,0,0
1392,2.5,0,44,113,4,1280,482,1098,16,0,1,0,1,0,0
1766,0.5,1,22,122,8,3297,291,1318,16,0,0,0,0,0,1
966,2.0,0,34,118,2,3534,214,1523,11,1,1,0,0,0,1
908,2.1,0,44,95,5,3518,154,941,7,1,1,0,0,0,1
1190,2.0,1,40,93,5,3610,1399,1646,9,0,1,0,0,0,1
640,1.3,1,6,143,8,2711,976,1353,8,1,0,0,0,1,0
1897,3.0,0,21,192,8,273,1311,1935,3,1,1,1,0,0,0
805,1.7,1,58,168,3,3397,81,1544,2,0,0,0,0,1,0
1163,2.8,1,49,155,2,2768,520,754,12,0,1,0,0,1,0
1486,2.6,0,52,85,4,297,1430,1747,15,1,0,1,0,0,0
1762,0.7,0,60,157,4,1380,643,790,14,0,0,0,1,0,0
715,2.3,1,48,160,4,3709,21,562,10,0,0,0,0,1,0
621,2.7,1,54,151,4,2801,434,910,5,1,1,0,0,1,0
1906,1.9,1,55,113,3,1871,3,629,4,0,1,0,1,0,0
1225,0.7,1,2,138,7,2675,217,1101,15,1,0,0,0,1,0
1100,1.6,0,15,112,8,757,919,1344,16,1,1,1,0,0,0
1948,2.8,1,18,135,2,816,477,571,3,0,0,1,0,0,0
1151,2.9,1,31,128,8,2377,1022,1560,13,1,0,0,0,1,0
1970,1.6,1,58,80,8,2372,654,882,2,1,0,0,0,1,0
1407,1.8,1,16,170,4,1068,925,1206,8,1,0,0,1,0,0
1510,0.6,1,32,135,3,854,963,1520,10,0,1,0,1,0,0
1358,0.5,0,36,155,4,3068,1565,1858,4,1,0,0,0,0,1
503,1.2,1,8,111,3,2583,201,1245,12,0,0,0,1,0,0
1678,2.1,0,64,134,3,278,436,536,10,1,0,1,0,0,0
577,2.4,0,37,161,6,814,1087,1450,19,1,1,1,0,0,0
807,0.5,0,8,158,5,1284,667,697,2,1,1,1,0,0,0
1045,1.2,1,40,175,6,2137,1078,1564,12,0,1,0,0,1,0
1412,2.4,0,25,96,8,837,516,1894,4,0,1,0,1,0,0
1559,1.3,1,10,114,8,2203,117,681,15,1,1,0,1,0,0
1940,1.0,1,5,194,4,820,588,1809,3,1,1,0,1,0,0
1702,2.3,1,47,107,2,595,1284,1643,19,0,1,0,1,0,0
1541,1.5,1,5,109,4,1795,536,1656,4,1,1,0,1,0,0
1110,1.5,0,12,153,8,624,961,1950,15,0,0,1,0,0,0
1285,2.4,0,51,140,7,2094,475,500,10,0,0,0,1,0,0
1976,0.7,1,32,171,2,3699,1301,1922,13,1,1,0,0,0,1
1310,2.3,1,15,150,5,2518,954,970,5,1,1,0,0,1,0
1748,0.5,1,53,114,4,2633,718,1109,9,0,0,0,0,1,0
606,2.5,0,53,146,4,1223,465,1152,7,0,0,1,0,0,0
1681,2.5,1,18,167,1,2265,850,1005,20,1,1,0,0,1,0
888,2.6,1,33,198,2,3407,327,1683,20,0,0,0,0,0,1
1321,1.3,0,63,109,8,1464,817,941,16,1,1,0,1,0,0
1607,1.1,1,20,192,2,885,776,1005,14,1,0,1,0,0,0
1721,0.5,1,33,128,4,707,871,1048,5,1,1,1,0,0,0
916,2.6,0,36,195,4,1470,188,992,14,1,0,1,0,0,0
1234,1.6,1,33,172,1,1449,166,778,6,0,1,1,0,0,0
956,0.5,0,41,143,7,3286,511,1075,12,1,0,0,0,0,1
514,2.9,1,18,141,2,980,1083,1492,16,0,1,1,0,0,0
1589,1.4,0,26,100,8,3970,1673,1759,18,0,1,0,0,0,1
616,2.2,0,21,150,7,3267,347,513,19,0,0,0,0,1,0
1936,2.1,1,46,104,3,2552,667,1036,13,0,0,0,0,1,0
955,0.5,1,43,143,5,1432,1248,1511,9,1,1,0,1,0,0
768,0.9,0,56,113,1,952,418,515,16,0,1,1,0,0,0
1108,1.0,0,49,140,5,3254,1298,1666,16,0,0,0,0,0,1
1919,1.5,0,48,150,4,1391,304,1191,12,0,1,0,1,0,0
1954,0.5,1,24,187,4,700,512,1149,5,1,1,1,0,0,0
880,1.7,0,6,198,4,3006,632,660,3,0,0,0,0,1,0
673,1.7,1,22,88,1,2050,594,1088,17,1,0,0,1,0,0
580,1.2,1,47,91,3,3451,1086,1345,11,1,0,0,0,0,1
1054,1.8,1,40,196,7,2296,27,774,12,0,1,0,1,0,0
994,1.2,1,40,164,2,3104,296,839,11,0,0,0,0,1,0
1661,1.9,1,23,172,5,2676,846,1634,11,1,1,0,0,0,1
635,0.5,1,42,149,3,2973,300,1059,18,0,1,0,0,1,0
1893,0.5,1,23,179,8,1482,1203,1432,17,1,0,0,0,1,0
1330,0.5,0,38,183,7,1733,1290,1441,11,0,1,0,1,0,0
1827,1.7,0,39,128,5,2844,55,1020,10,1,0,0,0,1,0
574,3.0,0,30,126,2,1167,94,1334,19,0,0,1,0,0,0
1413,1.7,0,10,200,6,2867,314,1606,15,1,0,0,0,1,0
1347,0.9,1,53,108,6,3836,961,1008,14,0,1,0,0,0,1
546,2.6,1,26,159,5,1550,416,1658,3,1,0,0,1,0,0
1171,1.7,1,19,167,7,263,248,755,8,0,0,1,0,0,0
1146,3.0,0,57,111,5,291,73,583,11,1,1,1,0,0,0
1413,0.5,1,51,117,5,3383,187,517,2,0,0,0,0,0,1
1715,1.0,1,31,83,8,625,638,1615,13,0,0,1,0,0,0
1715,1.9,0,3,171,5,514,79,1652,13,0,0,1,0,0,0
1575,2.5,1,11,185,7,2182,492,818,17,1,0,0,0,1,0
1217,0.5,0,17,182,4,1711,628,632,9,0,1,0,1,0,0
1522,2.2,0,21,162,6,3767,533,1696,16,0,1,0,0,0,1
1770,2.3,1,7,128,7,1480,886,1552,17,0,0,0,1,0,0
1384,2.8,1,60,82,3,1221,983,1210,15,0,1,0,1,0,0
518,2.4,0,62,128,6,2514,489,710,7,1,1,0,1,0,0
1077,1.7,1,58,86,7,3902,135,1892,3,0,0,0,0,0,1
1484,3.0,0,12,134,3,1457,916,969,20,1,0,0,1,0,0
740,1.8,0,12,123,1,1105,935,1147,19,1,1,1,0,0,0
885,2.3,1,15,103,7,1410,769,802,5,1,1,1,0,0,0
890,2.2,1,44,198,8,751,1074,1873,3,0,0,1,0,0,0
1733,2.8,0,36,119,6,3576,357,527,9,0,0,0,0,0,1
1341,2.1,1,36,107,8,2200,473,574,15,1,0,0,1,0,0
1960,2.3,1,61,86,7,3865,205,1299,11,0,0,0,0,0,1
1671,0.5,1,5,179,8,815,398,1263,10,1,1,1,0,0,0
763,0.5,0,51,104,5,2865,273,1278,9,1,1,0,0,1,0
1843,1.8,1,16,134,6,3213,118,580,15,1,0,0,0,0,1
1128,0.5,1,33,147,8,1440,938,1226,19,0,0,0,1,0,0
783,1.8,1,43,106,3,2016,1198,1471,18,1,0,0,1,0,0
1253,0.5,1,5,152,2,1878,685,714,4,1,0,0,1,0,0
1659,2.8,0,16,89,1,3255,819,902,9,0,1,0,0,0,1
1472,2.3,0,61,168,6,2677,710,1052,8,0,0,0,0,1,0
1654,1.5,1,43,109,2,3112,546,629,10,1,0,0,0,0,1
767,1.9,0,19,185,6,2445,271,1000,6,1,1,0,1,0,0
1242,1.1,1,10,165,2,1050,459,1225,4,0,1,1,0,0,0
1855,0.5,0,32,187,8,3933,267,1161,7,0,1,0,0,0,1
1611,0.5,1,27,199,1,3078,163,1011,6,0,1,0,0,1,0
959,2.6,1,20,84,4,3965,561,1631,6,0,0,0,0,0,1
866,0.5,1,46,179,8,3825,692,1686,2,1,1,0,0,0,1
1112,0.5,0,12,190,4,3302,777,1119,20,1,1,0,0,0,1
1204,2.6,0,10,199,7,1724,480,1482,19,0,0,0,1,0,0
645,0.5,0,41,197,7,2962,327,580,4,1,1,0,0,1,0
1589,0.6,1,58,85,7,3464,319,1206,6,1,1,0,0,0,1
1139,0.9,1,58,161,2,1850,742,999,8,0,0,0,1,0,0
1994,0.7,0,5,189,2,1836,86,1546,18,0,0,0,0,1,0
793,1.2,1,38,176,4,3139,1226,1815,12,1,1,0,0,0,1
962,1.0,1,2,125,1,1491,1618,1916,14,0,0,0,1,0,0
1175,1.3,0,19,164,7,1944,873,1394,9,1,0,0,1,0,0
517,1.4,1,33,183,4,3704,660,974,11,0,1,0,0,0,1
957,2.5,0,7,107,5,1846,1201,1485,7,0,1,0,1,0,0
1991,2.7,0,64,145,2,1733,1058,1325,8,1,0,0,0,1,0
834,0.5,0,27,123,1,1591,1421,1463,20,1,0,0,1,0,0
1878,0.5,0,29,85,8,1334,210,1026,2,0,0,0,1,0,0
713,1.6,0,2,181,8,485,1211,1378,4,1,1,1,0,0,0
1665,0.5,0,60,194,6,1601,1572,1684,14,0,0,0,0,1,0
816,3.0,1,9,117,1,3851,1196,1651,14,0,1,0,0,0,1
675,2.4,0,42,187,7,2953,482,874,13,1,0,0,0,1,0
1039,0.6,0,6,136,6,3212,62,544,7,0,1,0,0,1,0
543,0.5,0,57,192,5,2413,391,984,15,0,0,0,1,0,0
728,2.3,1,23,111,4,457,126,817,16,1,1,1,0,0,0
797,2.9,1,38,90,4,590,763,1413,6,1,0,1,0,0,0
1203,0.5,1,11,109,2,1672,35,510,19,1,0,1,0,0,0
578,0.5,0,62,170,5,2977,626,1134,5,1,1,0,0,1,0
979,0.5,1,5,164,7,3449,793,1670,14,0,0,0,0,0,1
916,0.5,0,47,82,4,1659,1147,1393,11,1,0,0,1,0,0
1569,1.6,1,54,190,4,3905,371,665,4,0,0,0,0,0,1
623,1.4,1,15,189,3,3510,778,844,18,0,1,0,0,1,0
829,0.5,0,56,129,7,820,91,1916,11,0,1,1,0,0,0
559,0.5,0,11,82,5,2019,541,823,16,1,1,0,1,0,0
1117,0.5,0,12,144,7,2895,798,817,16,1,0,0,0,1,0
1523,1.8,0,11,129,1,707,148,1606,19,1,0,1,0,0,0
848,1.5,1,36,151,4,2289,56,527,19,1,1,0,1,0,0
1054,1.1,1,38,136,6,1675,1097,1222,14,1,1,0,1,0,0
1300,0.5,0,62,156,6,874,219,1037,10,1,0,1,0,0,0
1084,2.6,0,40,107,3,1945,322,771,10,1,0,0,1,0,0
557,0.5,1,17,89,6,2623,322,710,16,0,0,0,1,0,0
710,0.5,0,32,151,5,1419,485,857,18,1,0,1,0,0,0
1617,1.3,1,30,105,2,829,246,1038,10,0,0,1,0,0,0
1450,2.1,0,31,114,5,794,1573,1639,9,1,1,0,1,0,0
858,2.2,0,50,84,1,3978,528,1416,3,1,0,0,0,0,1
1322,1.7,1,7,140,3,1418,177,1990,12,1,0,0,1,0,0
1310,2.2,1,51,100,4,3845,178,1919,12,1,0,0,0,0,1
1147,0.8,1,28,158,6,2627,1085,1134,15,0,1,0,0,1,0
1967,0.5,0,46,199,1,1567,518,1374,7,1,0,0,1,0,0
1589,2.5,0,51,195,1,2612,810,1743,16,0,0,0,0,1,0
863,1.6,1,6,133,4,520,717,1799,18,0,1,1,0,0,0
683,2.1,0,30,197,7,2066,927,1135,15,0,0,0,1,0,0
911,1.4,1,14,199,4,2933,1563,1692,11,1,0,0,0,0,1
842,2.2,0,7,188,2,2549,20,756,19,0,1,0,1,0,0
1604,1.9,1,63,93,5,1464,641,1156,20,1,0,0,1,0,0
1672,0.5,1,32,174,1,1267,1281,1896,20,1,0,0,1,0,0
808,2.3,0,45,161,1,3431,526,1324,13,1,1,0,0,0,1
603,2.5,1,35,126,3,3703,692,1057,9,0,1,0,0,0,1
1510,0.9,1,45,180,5,3484,708,1752,11,1,1,0,0,0,1
1541,2.8,1,28,165,5,1108,796,1052,7,0,1,0,1,0,0
1027,0.5,0,64,103,2,3786,1698,1747,12,0,0,0,0,0,1
591,0.5,1,16,90,6,3746,892,1603,5,1,0,0,0,0,1
1057,2.1,0,5,154,5,3705,416,1055,13,0,0,0,0,0,1
1911,2.0,0,64,163,8,3872,1795,1958,11,1,0,0,0,0,1
590,1.2,1,32,141,6,1817,227,509,6,1,0,1,0,0,0
1426,1.6,0,12,174,5,1277,1573,1694,5,0,0,0,1,0,0
1897,1.9,0,54,154,2,412,630,738,2,0,0,1,0,0,0
959,1.3,1,36,196,5,3073,1313,1331,8,1,1,0,0,0,1
1552,2.2,0,13,123,6,2403,269,1026,9,1,1,0,0,1,0
1564,1.4,0,26,129,6,3742,117,1115,13,1,0,0,0,0,1
1089,1.4,1,2,153,7,2620,211,1409,13,0,0,0,0,1,0
1469,0.5,0,58,150,7,1571,1699,1850,2,0,0,0,0,1,0
553,2.4,1,8,121,7,1204,325,902,8,1,1,1,0,0,0
1314,2.9,1,41,155,4,626,113,577,4,1,1,1,0,0,0
1023,2.3,1,30,80,8,2086,5,1744,19,1,1,0,1,0,0
1788,0.5,1,2,150,6,2655,472,1073,4,0,1,0,0,1,0
1156,1.2,1,50,159,2,470,322,547,15,1,0,1,0,0,0
814,1.1,1,41,177,2,1944,1092,1406,12,0,0,0,1,0,0
1436,2.5,1,42,124,8,2736,1826,1836,19,1,0,0,0,0,1
1452,0.5,1,25,123,6,2669,42,1040,13,0,0,0,0,1,0
1814,1.4,1,9,141,2,3556,756,786,16,0,0,0,0,0,1
1655,0.5,1,4,105,3,673,626,1348,12,0,0,1,0,0,0
1067,1.7,1,58,135,7,706,79,681,16,1,0,1,0,0,0
904,2.7,1,19,147,6,545,1094,1496,16,0,0,1,0,0,0
1193,3.0,0,56,196,3,2394,674,864,14,1,0,0,0,1,0
925,2.1,0,56,196,1,2466,1262,1520,5,0,0,0,0,1,0
574,2.0,1,26,118,6,1303,382,1364,2,0,1,1,0,0,0
1254,1.2,0,27,134,2,817,1288,1372,16,1,1,1,0,0,0
1053,2.9,0,42,126,6,1339,419,1261,14,0,1,1,0,0,0
509,0.6,1,9,93,5,513,1137,1224,12,0,0,1,0,0,0
1844,2.3,1,51,158,8,1724,533,882,14,1,1,0,1,0,0
977,2.8,1,35,165,2,3714,1502,1862,10,1,1,0,0,0,1
973,1.5,0,57,190,7,2977,457,1816,2,0,0,0,0,1,0
1156,2.7,1,30,173,3,2735,945,1913,13,0,1,0,0,1,0
1712,1.4,0,63,137,7,3652,747,1126,19,0,0,0,0,0,1
1254,1.7,0,45,146,3,606,1571,1956,2,1,1,0,1,0,0
1966,0.8,1,48,144,1,1252,1242,1973,19,1,1,0,0,1,0
942,1.4,1,27,91,4,587,754,1532,13,1,1,1,0,0,0
1348,2.0,1,36,145,6,2554,468,741,12,1,0,0,0,1,0
1742,2.3,1,43,170,7,2610,453,681,10,0,1,0,0,1,0
1512,0.6,1,54,134,3,3366,220,1838,11,0,1,0,0,0,1
1020,0.7,1,27,128,4,3204,919,1482,9,0,1,0,0,0,1
1250,1.4,0,44,182,7,1882,703,1011,14,0,0,0,1,0,0
1008,2.5,0,36,109,1,1083,825,1972,6,0,0,0,1,0,0
1773,2.5,0,32,170,6,3566,1215,1472,13,0,1,0,0,0,1
1303,1.0,1,15,138,3,2574,229,1604,14,1,1,0,0,1,0
1786,1.2,0,61,123,3,3033,74,865,17,1,0,0,0,0,1
981,1.9,1,2,136,3,1539,75,688,19,0,0,1,0,0,0
1807,2.1,0,49,125,1,1906,337,1384,13,1,1,0,0,1,0
525,0.5,1,51,137,8,1891,262,1587,12,1,0,0,1,0,0
1481,2.0,1,35,105,3,2635,249,522,4,0,1,0,0,1,0
1567,0.5,1,22,119,6,2312,545,1621,18,0,0,0,0,1,0
1686,0.5,1,28,182,5,780,599,1073,5,0,0,1,0,0,0
539,2.0,1,24,86,4,1326,958,967,3,1,0,1,0,0,0
1635,2.6,1,2,182,4,2315,1209,1411,2,1,0,0,0,1,0
1983,0.5,1,43,87,6,2775,349,676,3,1,1,0,0,1,0
1703,1.5,1,55,138,5,2993,1411,1711,20,1,1,0,0,0,1
600,0.5,0,48,191,3,3393,501,1465,8,0,0,0,0,1,0
1517,2.5,0,8,169,4,2738,570,1645,12,0,0,0,0,1,0
880,2.0,1,50,194,7,827,1116,1381,6,0,1,1,0,0,0
1807,2.0,1,13,155,8,323,970,974,3,1,1,1,0,0,0
1067,1.8,1,14,146,1,966,965,1009,13,0,1,1,0,0,0
771,0.5,0,25,86,4,770,327,922,20,1,0,1,0,0,0
1696,1.7,0,13,97,3,523,179,772,4,1,1,1,0,0,0
904,1.6,1,14,102,8,1846,56,760,3,0,1,0,1,0,0
1162,1.0,0,50,104,4,1404,332,866,15,1,1,0,1,0,0
1143,1.2,1,22,125,3,1214,1116,1724,16,1,0,0,1,0,0
1650,2.3,0,38,89,1,324,773,881,2,1,1,1,0,0,0
1015,0.8,0,12,102,3,2293,335,679,2,1,0,0,1,0,0
936,0.5,1,14,164,3,3761,150,1677,12,0,0,0,0,0,1
917,0.5,0,31,88,6,3424,423,909,13,1,0,0,0,0,1
695,0.5,0,12,196,2,2855,1649,1829,7,1,1,0,0,1,0
1485,0.9,1,28,158,5,3241,371,1023,11,1,0,0,0,0,1
1794,0.5,1,55,86,7,402,43,627,14,0,1,1,0,0,0
730,1.3,1,6,167,7,2812,1096,1155,17,0,0,0,0,1,0
1103,1.0,1,29,111,6,1837,990,1486,16,1,1,0,1,0,0
618,0.5,1,57,88,3,2399,879,896,17,1,1,0,1,0,0
1188,1.5,1,54,198,6,485,1150,1469,7,1,0,1,0,0,0
1724,1.8,0,9,100,2,3056,655,828,6,0,0,0,0,0,1
852,1.0,1,62,104,7,2253,293,1159,7,1,0,0,1,0,0
1770,2.3,0,9,183,6,3785,1098,1373,14,0,1,0,0,0,1
987,1.3,1,61,107,3,3963,581,820,20,0,1,0,0,0,1
668,2.9,1,30,195,8,2399,522,1056,7,1,1,0,1,0,0
802,0.5,1,43,153,5,3063,527,734,4,1,0,0,0,1,0
1991,1.8,0,9,94,3,1511,751,1377,9,0,0,0,1,0,0
1035,0.5,1,49,178,2,3991,574,1171,19,0,0,0,0,0,1
1593,1.0,0,52,130,8,1354,761,1336,13,1,1,0,1,0,0
582,0.5,0,32,107,3,2977,1043,1702,20,1,1,0,0,1,0
1661,1.4,0,29,119,2,591,536,861,9,1,1,1,0,0,0
579,2.5,0,7,89,8,2908,808,1517,11,0,1,0,0,1,0
667,0.6,0,3,185,6,2855,13,1463,19,0,1,0,0,1,0
1138,1.4,0,44,187,8,3475,111,1138,3,0,0,0,0,0,1
950,0.5,0,55,156,5,1095,774,843,13,1,0,1,0,0,0
1497,0.7,0,32,92,3,1329,1920,1933,7,1,0,0,0,1,0
1965,0.5,0,4,84,7,3535,977,1660,16,1,1,0,0,0,1
1179,0.5,0,32,182,2,340,85,1451,16,0,0,1,0,0,0
1122,1.2,0,2,120,4,3291,331,790,13,1,1,0,0,1,0
1576,2.0,0,20,148,3,1379,410,1551,16,0,1,0,1,0,0
1002,2.7,1,11,185,6,961,285,512,19,0,1,1,0,0,0
1202,2.4,1,19,122,2,595,404,1742,3,0,0,1,0,0,0
1462,1.7,1,25,182,7,824,91,1478,13,0,1,1,0,0,0
625,1.2,1,10,183,4,3323,635,842,7,1,1,0,0,1,0
1396,1.5,1,44,118,6,1386,173,1843,8,1,1,0,1,0,0
790,2.0,1,11,87,6,3169,347,730,2,0,1,0,0,1,0
1108,1.3,1,2,169,7,1229,208,1742,4,1,0,1,0,0,0
1724,2.0,1,57,177,3,2822,1605,1924,16,1,0,0,0,0,1
1035,2.7,0,40,157,5,3548,757,1912,5,1,1,0,0,0,1
1093,1.9,1,22,196,8,1869,238,807,4,1,1,0,1,0,0
1413,0.6,0,13,128,1,515,1323,1481,18,1,0,1,0,0,0
1885,2.4,1,14,92,4,1277,1406,1517,16,0,1,0,1,0,0
1090,2.3,0,8,128,8,3839,1217,1670,11,0,1,0,0,0,1
1403,2.5,1,62,90,4,921,217,1623,18,0,0,1,0,0,0
1414,2.2,1,49,101,4,2290,130,887,12,1,0,0,1,0,0
1876,1.3,1,64,98,3,3132,600,1211,2,1,1,0,0,0,1
1976,2.6,1,45,136,4,2470,652,1933,3,0,0,0,0,0,1
869,1.3,1,34,104,2,3864,478,539,11,0,0,0,0,0,1
1391,1.4,0,36,182,1,3139,14,1256,14,1,0,0,0,1,0
732,2.3,1,39,188,7,3681,1163,1554,15,1,1,0,0,0,1
1453,1.6,1,52,96,2,2373,187,1311,10,1,1,0,0,1,0
1451,0.5,0,57,181,8,3038,812,1456,18,0,1,0,0,0,1
672,0.5,0,35,99,8,1403,574,1267,6,0,0,1,0,0,0
665,0.7,0,31,185,5,690,496,1804,15,0,0,1,0,0,0
832,1.1,0,46,93,6,3317,820,1366,19,1,0,0,0,0,1
1569,2.8,1,44,110,4,1260,45,1942,17,0,0,0,1,0,0
1447,0.5,0,40,184,2,471,963,1062,20,0,1,1,0,0,0
1129,2.8,1,49,185,2,1857,1070,1079,5,1,1,0,1,0,0
712,2.5,1,49,99,6,401,1131,1743,10,0,1,1,0,0,0
1676,1.6,0,37,145,1,2515,134,1197,4,0,1,0,0,1,0
626,0.7,1,23,187,2,3458,90,1334,11,0,1,0,0,1,0
1889,2.8,0,31,132,1,3672,170,1106,3,1,1,0,0,0,1
852,1.6,1,54,147,5,1275,538,730,12,0,1,1,0,0,0
1375,0.5,1,35,194,2,1947,227,772,15,1,1,0,1,0,0
1753,1.2,0,12,113,7,1445,387,1595,12,1,1,0,1,0,0
1663,0.5,0,40,147,4,1336,951,1545,15,0,0,0,1,0,0
1276,2.9,1,53,130,2,3798,217,735,8,1,1,0,0,0,1
1778,1.4,1,45,132,4,1624,88,516,9,1,0,0,1,0,0
528,1.7,0,6,142,2,3256,574,637,6,1,0,0,0,1,0
984,0.5,0,42,98,7,898,1036,1611,13,1,0,1,0,0,0
1547,2.9,0,57,114,1,1620,347,957,19,1,1,0,1,0,0
1362,2.9,0,47,186,6,3629,600,1042,5,1,1,0,0,0,1
1732,0.8,0,61,172,5,3940,201,656,20,1,1,0,0,0,1
726,2.2,0,40,94,4,1342,323,978,4,1,1,1,0,0,0
1352,2.4,0,6,92,6,1309,629,1299,14,0,0,0,1,0,0
865,2.9,0,16,89,4,3494,335,1009,14,0,1,0,0,0,1
553,0.5,1,23,119,3,2981,993,1517,14,0,0,0,0,1,0
1895,0.5,0,5,134,1,774,725,1335,6,1,0,0,1,0,0
1043,0.5,0,42,111,3,912,716,1626,6,1,0,1,0,0,0
1135,2.0,1,46,83,1,3029,293,1846,9,1,1,0,0,0,1
1908,0.5,0,30,111,2,2944,140,1046,17,0,1,0,0,0,1
1288,2.8,1,50,121,2,3129,1177,1809,2,0,0,0,0,0,1
622,0.7,0,9,127,2,3916,98,511,5,0,1,0,0,1,0
673,2.2,1,3,84,2,2719,1109,1247,9,1,1,0,0,1,0
1132,1.0,0,8,157,1,1950,1091,1293,6,1,1,0,1,0,0
907,1.4,1,42,151,1,584,171,507,6,0,0,1,0,0,0
1960,2.1,0,7,165,7,3773,868,877,6,1,1,0,0,0,1
798,0.5,1,2,148,2,3593,497,627,3,1,0,0,0,1,0
843,1.3,1,16,119,7,1734,593,732,14,0,1,0,1,0,0
1142,1.4,1,6,190,8,663,534,855,5,1,1,1,0,0,0
841,0.5,1,39,199,6,2942,546,828,16,1,1,0,0,1,0
1379,1.5,0,9,118,8,1693,98,755,18,0,1,0,1,0,0
840,0.6,0,63,137,7,3486,987,1081,18,1,0,0,0,0,1
1536,0.8,0,13,105,7,2020,22,1634,16,1,0,0,0,1,0
1397,2.4,1,3,121,3,1378,433,1658,4,1,1,0,1,0,0
932,1.3,0,64,154,7,3817,1176,1224,9,1,1,0,0,0,1
1722,2.6,0,18,177,2,3271,865,1741,15,0,1,0,0,0,1
819,0.6,1,42,188,6,1814,339,1242,13,0,1,0,1,0,0
1208,2.9,0,16,175,1,2201,691,1028,12,0,0,0,1,0,0
1631,0.9,1,3,198,7,301,177,1905,13,0,0,1,0,0,0
1896,0.5,1,7,141,2,3684,447,794,18,0,0,0,0,0,1
685,0.5,0,29,93,7,728,433,648,4,0,1,1,0,0,0
1674,2.8,1,52,89,3,2030,1432,1649,6,0,0,0,0,1,0
753,0.5,0,48,121,8,3484,606,1316,16,0,0,0,0,0,1
950,0.5,0,55,124,8,1305,86,1681,4,0,1,1,0,0,0
1811,2.9,0,33,132,8,2610,1099,1553,13,1,0,0,0,0,1
652,0.5,1,58,142,3,565,464,781,9,0,1,1,0,0,0
799,2.3,0,63,144,8,431,361,975,6,1,1,1,0,0,0
1644,2.8,0,44,137,8,2360,358,791,19,0,0,0,0,1,0
569,0.5,1,4,170,3,2351,351,1159,10,1,0,0,1,0,0
772,1.2,1,8,134,7,422,552,1802,15,0,0,1,0,0,0
608,0.5,1,64,94,4,2517,4,1351,7,1,1,0,1,0,0
538,0.8,0,2,177,7,417,235,662,9,0,1,1,0,0,0
589,2.3,1,61,160,4,2113,429,815,2,0,1,0,1,0,0
1157,0.8,0,27,88,8,2885,1694,1798,2,0,1,0,0,0,1
1695,0.5,1,46,200,3,446,1791,1898,15,1,1,0,1,0,0
727,2.5,1,64,193,1,3654,664,711,16,1,0,0,0,0,1
1237,2.5,0,13,98,4,2528,18,1004,16,0,0,0,0,1,0
1130,2.5,0,58,132,5,1018,88,1261,16,0,0,1,0,0,0
1253,0.7,0,34,113,4,3518,161,647,8,1,1,0,0,0,1
1936,1.9,1,34,182,7,1671,591,1089,9,0,1,0,1,0,0
1562,1.3,1,7,190,5,2243,642,1533,6,0,0,0,0,1,0
1531,2.0,0,60,162,6,2524,625,765,7,0,0,0,0,1,0
1172,2.1,1,41,95,3,1107,1314,1884,5,0,0,0,1,0,0
600,2.5,1,22,145,1,3441,207,1162,5,0,0,0,0,1,0
1432,1.7,1,39,164,4,504,209,947,10,1,0,1,0,0,0
713,1.4,1,53,98,1,1462,123,1477,13,0,1,1,0,0,0
1494,1.6,1,24,101,1,3614,979,1190,9,0,0,0,0,0,1
1945,1.6,0,21,113,3,3015,280,895,15,0,0,0,0,0,1
1478,0.8,1,48,99,5,1141,694,882,6,0,1,0,1,0,0
1827,0.8,0,61,130,7,2693,253,1764,7,1,1,0,0,0,1
1954,0.6,1,7,126,3,3438,673,690,13,0,0,0,0,0,1
1768,2.0,0,2,88,7,3256,1303,1814,5,1,0,0,0,0,1
1369,1.8,1,34,162,1,3856,553,727,18,1,1,0,0,0,1
1804,0.5,0,22,153,7,3472,1158,1244,20,0,1,0,0,0,1
651,0.8,1,63,176,5,2244,548,858,19,1,0,0,1,0,0
1872,1.9,0,35,111,3,2419,1546,1879,19,0,0,0,0,0,1
1345,3.0,0,38,162,3,1322,512,1465,15,0,0,0,1,0,0
1312,0.5,1,28,163,2,1087,1233,1854,14,0,0,0,1,0,0
772,1.0,1,23,97,7,2782,317,1805,17,0,0,0,0,1,0
1309,1.1,1,33,100,4,2334,557,1402,11,0,1,0,0,1,0
825,1.5,0,38,94,3,716,540,783,14,1,0,1,0,0,0
1335,3.0,0,60,180,2,3615,83,559,9,0,0,0,0,0,1
1802,2.7,1,10,101,7,696,253,590,3,1,0,1,0,0,0
1996,2.5,0,51,122,4,2236,671,1445,12,0,1,0,0,1,0
1926,1.7,1,33,172,3,2488,982,1157,14,0,0,0,0,1,0
586,1.4,1,8,142,8,3178,116,598,10,0,1,0,0,1,0
912,0.7,0,47,182,3,1321,724,794,6,1,1,1,0,0,0
1520,2.2,0,33,177,8,3826,151,1005,13,1,1,0,0,0,1
788,2.5,1,57,91,8,3969,42,1161,6,1,1,0,0,0,1
1953,2.1,1,56,158,8,2334,555,764,4,0,0,0,0,1,0
1809,0.5,0,23,123,6,2784,433,1661,20,1,1,0,0,0,1
921,2.2,1,10,170,7,3153,1272,1469,11,1,0,0,0,0,1
731,0.5,1,28,130,8,1774,424,1032,10,0,0,0,1,0,0
1403,2.7,0,26,164,5,3371,461,1251,9,0,1,0,0,0,1
1938,0.5,1,44,121,2,3497,1299,1935,18,1,0,0,0,0,1
868,0.9,0,5,137,4,1519,40,1311,2,0,1,1,0,0,0
705,0.5,0,57,155,6,1509,1114,1374,18,1,1,0,1,0,0
757,2.3,1,58,163,4,3237,535,697,9,0,1,0,0,1,0
1840,0.5,1,34,142,1,1078,311,1545,10,0,0,0,1,0,0
1790,2.3,1,49,100,3,3568,396,1980,18,0,1,0,0,0,1
625,2.7,1,42,138,8,2929,203,1771,17,0,0,0,0,1,0
507,0.5,1,32,141,7,1702,936,1398,5,1,1,0,1,0,0
803,0.8,1,18,106,4,2801,627,935,12,1,0,0,0,1,0
983,1.8,0,53,187,1,1389,1001,1176,8,1,1,0,1,0,0
504,0.5,1,46,172,5,2085,280,1795,8,0,0,0,1,0,0
1832,0.7,0,2,90,7,2978,186,654,18,0,0,0,0,1,0
1498,1.2,1,14,191,4,577,111,1167,12,1,0,1,0,0,0
1371,0.5,0,52,167,4,3034,471,663,8,0,0,0,0,1,0
1149,2.2,0,30,106,6,3755,1617,1675,8,0,0,0,0,0,1
1261,0.5,0,52,86,2,1365,605,1429,16,0,1,0,1,0,0
558,2.8,0,49,142,5,392,997,1605,8,1,1,1,0,0,0
534,2.5,0,21,164,7,2706,347,1477,18,1,0,0,0,1,0
1487,0.5,0,57,84,3,2563,140,768,14,0,0,0,0,1,0
1497,0.9,1,10,153,8,3696,98,977,3,0,1,0,0,0,1
1262,1.8,1,34,149,5,3248,223,737,4,1,1,0,0,1,0
1128,1.1,0,46,135,8,1434,751,1582,11,0,0,0,1,0,0
1949,2.6,1,47,199,4,1433,407,822,20,0,1,0,1,0,0
1828,2.1,1,17,199,1,2280,336,898,4,0,0,0,0,1,0
1528,2.4,0,37,156,8,733,306,564,14,1,0,1,0,0,0
1142,1.1,0,6,198,4,1273,739,1766,6,0,0,0,1,0,0
1996,2.8,1,7,138,5,1258,937,1083,16,0,0,0,1,0,0
821,1.8,1,54,109,3,3185,253,1786,15,0,0,0,0,1,0
1772,0.5,1,64,116,8,1834,270,545,20,1,1,0,1,0,0
932,0.5,0,60,104,4,1459,268,1078,19,1,0,1,0,0,0
1336,0.9,0,17,194,5,1869,55,583,16,1,1,0,1,0,0
1284,2.8,1,10,155,2,2197,160,516,9,1,1,0,1,0,0
1426,2.5,0,55,109,1,2562,777,1032,3,0,0,0,0,1,0
832,0.5,1,5,165,5,3946,9,1944,14,1,1,0,0,0,1
772,2.6,1,6,100,2,929,741,1471,18,1,1,1,0,0,0
757,0.9,1,64,157,7,3433,114,819,10,1,0,0,0,1,0
879,2.5,0,14,83,6,349,403,1105,2,0,1,1,0,0,0
1977,1.3,1,31,173,8,2641,1145,1356,7,0,0,0,0,0,1
1659,2.5,0,41,88,7,545,787,1515,9,1,1,1,0,0,0
846,2.6,0,58,123,4,2248,1140,1983,13,0,0,0,0,1,0
759,2.5,0,39,162,2,968,110,1317,2,0,0,1,0,0,0
1496,1.3,1,6,85,3,3571,549,1383,11,1,1,0,0,0,1
1348,1.3,0,43,116,5,3914,204,501,8,0,1,0,0,0,1
1692,2.1,0,2,106,1,3779,1899,1904,7,1,1,0,0,0,1
774,0.5,1,10,188,2,2944,1480,1731,2,1,1,0,0,1,0
1485,1.0,0,32,84,2,2147,510,1013,11,1,0,0,0,1,0
1697,0.5,0,60,90,4,441,88,1046,11,1,0,1,0,0,0
637,0.8,1,28,194,4,2725,1080,1289,7,0,0,0,0,1,0
1911,0.9,1,36,108,8,3057,868,1632,5,1,0,0,0,0,1
1614,1.9,0,55,188,3,3914,860,1330,13,0,0,0,0,0,1
1164,1.0,0,19,95,8,3309,729,1704,3,0,1,0,0,0,1
1413,0.5,1,39,185,5,3878,1039,1318,4,0,0,0,0,0,1
864,2.5,0,24,148,4,3964,1362,1378,12,1,0,0,0,0,1
1347,1.5,1,56,95,1,2456,398,1528,13,1,1,0,0,1,0
1003,2.9,0,16,119,8,1798,190,1905,10,0,0,0,1,0,0
1097,1.4,0,60,181,1,509,405,519,12,0,0,1,0,0,0
1663,2.5,1,27,169,4,2084,831,1439,18,0,0,0,0,1,0
1191,2.4,1,13,169,1,1028,179,1813,8,1,1,1,0,0,0
1923,1.3,0,24,86,4,2479,874,1264,15,1,0,0,0,1,0
1537,2.9,0,46,158,4,2857,686,1305,2,1,1,0,0,0,1
1422,1.0,0,3,112,1,509,1,926,3,1,1,1,0,0,0
1678,2.3,1,7,192,1,574,418,1763,19,0,0,1,0,0,0
1231,1.2,1,54,185,3,1762,632,1184,6,1,0,0,1,0,0
569,2.5,1,41,124,1,2651,388,605,4,0,0,0,1,0,0
1830,1.0,0,47,117,1,3362,1191,1882,11,0,0,0,0,0,1
1660,0.5,0,15,100,8,2424,440,569,9,1,0,0,0,1,0
877,1.3,1,46,135,1,3260,457,652,6,0,0,0,0,1,0
911,2.9,0,46,181,5,363,461,670,17,1,0,1,0,0,0
909,1.4,0,53,82,8,3187,635,973,4,0,0,0,0,1,0
1004,2.9,1,35,141,6,3772,901,1162,18,1,1,0,0,0,1
1606,0.5,1,33,200,5,3437,157,770,2,0,0,0,0,0,1
530,2.6,0,40,118,6,1229,818,1090,2,1,0,1,0,0,0
571,0.6,0,43,141,3,2587,224,783,18,0,0,0,1,0,0
1778,0.5,0,15,102,3,1214,1445,1954,14,0,0,0,1,0,0
1583,2.1,1,14,148,7,1704,942,1651,2,0,1,0,0,1,0
709,2.4,1,11,130,5,3568,119,1531,3,0,1,0,0,0,1
701,0.7,0,15,160,3,1756,1002,1256,17,1,1,0,1,0,0
1725,0.5,1,52,185,6,1243,1125,1195,5,1,1,0,1,0,0
1283,1.6,1,47,93,5,2698,372,692,17,1,0,0,0,1,0
1994,1.5,1,7,146,8,3622,447,1435,20,0,1,0,0,0,1
1231,0.7,1,7,113,1,3119,43,1663,15,1,0,0,0,0,1
839,2.0,1,14,175,7,3835,564,1391,11,0,0,0,0,0,1
1664,2.9,1,15,177,7,1968,1178,1929,9,0,0,0,0,1,0
1723,1.1,1,42,164,8,3587,202,1791,3,0,0,0,0,0,1
1616,2.3,1,52,100,5,657,151,1133,2,1,0,1,0,0,0
1849,0.5,0,29,181,7,3330,978,1986,15,0,1,0,0,0,1
860,1.6,1,48,187,7,1870,335,1463,18,0,0,0,1,0,0
1064,2.9,1,34,184,6,654,1175,1569,6,0,0,1,0,0,0
1760,1.9,0,50,198,1,2549,273,1704,4,1,0,0,0,1,0
984,0.5,1,9,140,3,841,531,707,16,0,0,1,0,0,0
510,2.0,1,45,168,6,3919,483,754,2,1,1,0,0,0,1
1821,1.2,0,44,141,2,1411,1208,1212,15,1,0,0,1,0,0
1402,0.6,1,46,87,7,347,1081,1767,12,0,1,1,0,0,0
1002,2.6,1,27,146,1,1295,115,1111,17,0,1,1,0,0,0
767,1.5,0,28,175,4,527,344,1517,15,1,0,1,0,0,0
1494,2.4,0,3,93,7,1208,944,1003,17,1,0,0,1,0,0
958,1.6,0,60,200,1,1417,730,751,19,0,1,1,0,0,0
1448,1.4,1,26,156,3,1175,1792,1850,6,1,0,0,1,0,0
511,0.6,1,50,175,3,1484,140,622,8,0,0,1,0,0,0
1569,0.8,1,59,111,3,3672,1261,1383,15,0,1,0,0,0,1
787,0.5,0,11,93,1,2934,806,1423,14,0,1,0,0,1,0
648,0.5,1,54,109,5,3124,1153,1817,13,0,0,0,0,0,1
1177,0.9,0,29,191,2,311,178,882,19,0,0,1,0,0,0
1318,1.9,1,11,188,2,1780,688,1591,2,0,0,0,1,0,0
1211,1.2,0,28,130,2,2750,58,963,14,1,0,0,0,1,0
645,1.2,0,41,184,8,714,741,1130,13,1,0,1,0,0,0
506,1.6,0,41,159,1,2965,875,1025,15,0,0,0,0,1,0
727,1.5,0,32,131,7,1891,813,1377,7,0,1,0,1,0,0
1177,0.9,0,11,181,4,1887,945,1923,11,1,1,0,1,0,0
1974,1.0,0,24,80,7,861,250,545,6,0,1,1,0,0,0
1547,3.0,1,14,198,3,2059,1042,1832,15,0,1,0,0,1,0
1562,0.7,0,55,140,8,2096,1032,1776,3,0,0,0,0,1,0
614,1.7,1,58,128,7,3487,22,519,11,1,1,0,0,1,0
1368,1.6,1,9,115,7,2941,843,1145,17,1,0,0,0,0,1
1071,2.6,0,49,199,4,3393,1328,1970,7,0,0,0,0,0,1
501,0.5,1,22,174,6,3077,239,1636,17,0,0,0,0,1,0
999,1.8,1,27,167,4,1344,20,745,5,0,0,1,0,0,0
752,0.5,1,48,87,7,3860,164,728,16,0,0,0,0,0,1
1239,1.2,1,52,122,2,417,590,661,6,0,1,1,0,0,0
571,1.6,1,35,186,7,2598,177,1282,8,1,0,0,1,0,0
1868,2.0,1,42,169,1,3131,347,660,7,1,1,0,0,0,1
1062,2.5,1,10,160,1,3803,1596,1807,16,0,1,0,0,0,1
728,1.7,1,5,101,2,834,584,775,5,1,0,1,0,0,0
682,0.5,0,19,121,4,2337,902,1064,18,1,1,0,1,0,0
706,0.5,0,31,108,3,2419,543,938,4,0,1,0,1,0,0
725,1.3,1,60,160,8,1326,1134,1249,15,0,0,0,1,0,0
1698,2.5,0,26,105,2,1656,485,1819,17,0,1,0,0,1,0
1492,1.5,0,11,85,3,2259,1684,1746,19,1,1,0,0,0,1
1628,0.5,0,33,101,6,3361,412,643,13,0,0,0,0,0,1
1702,0.5,1,2,185,6,435,921,1351,3,1,1,1,0,0,0
652,2.4,1,17,173,5,1974,77,559,12,0,0,1,0,0,0
934,2.0,1,30,182,8,703,521,1190,7,0,1,1,0,0,0
737,2.4,1,49,193,4,2951,781,1463,10,1,0,0,0,1,0
1264,2.9,1,34,171,3,419,562,849,3,1,1,1,0,0,0
1494,1.6,0,45,158,5,3208,449,790,4,0,0,0,0,0,1
587,2.5,0,51,111,1,2746,244,1361,7,0,1,0,0,1,0
894,0.7,0,58,123,2,3305,158,747,2,0,0,0,0,1,0
1373,1.0,1,50,127,7,3800,105,673,14,0,0,0,0,0,1
1448,0.5,1,2,100,5,593,846,1144,18,1,1,1,0,0,0
618,0.6,0,16,143,1,2262,1105,1602,4,1,0,0,0,1,0
1892,0.7,0,47,110,4,2172,1399,1564,3,1,1,0,0,1,0
657,1.9,1,21,110,8,783,705,1905,11,1,0,1,0,0,0
1138,1.1,0,48,109,3,2048,233,1777,18,1,1,0,0,1,0
1547,2.9,1,45,166,2,505,583,590,3,1,1,1,0,0,0
1807,0.5,1,61,134,6,3726,1734,1968,15,0,0,0,0,0,1
1195,1.1,1,8,80,6,643,327,1001,19,0,0,1,0,0,0
643,0.7,1,23,156,1,2096,314,1400,2,0,0,0,1,0,0
501,2.3,0,54,131,4,2346,504,1089,2,0,1,0,1,0,0
1362,0.5,0,25,131,7,995,553,1505,18,1,1,1,0,0,0
1076,2.3,1,14,191,5,2355,1088,1718,2,1,1,0,0,1,0
1366,0.7,1,34,150,2,3501,402,964,3,0,0,0,0,0,1
689,1.4,0,45,103,5,3585,256,823,10,0,0,0,0,0,1
595,0.9,1,23,121,3,3752,441,810,18,1,0,0,0,0,1
1564,2.3,0,25,189,6,1496,1259,1965,7,1,1,0,1,0,0
1446,2.8,1,18,178,8,3340,351,1769,16,1,1,0,0,0,1
1602,0.6,0,58,170,1,3622,1259,1746,17,1,1,0,0,0,1
1667,1.0,1,21,138,2,635,1211,1396,15,0,0,1,0,0,0
959,1.7,0,13,155,4,3328,87,736,10,1,1,0,0,1,0
1597,2.3,0,34,89,1,934,64,1667,9,1,0,1,0,0,0
1753,0.7,0,40,191,4,1112,1652,1983,15,1,1,0,1,0,0
596,1.4,0,46,165,1,2505,953,984,15,1,0,0,1,0,0
831,2.4,0,55,86,6,1075,172,1239,3,1,0,1,0,0,0
1090,1.3,1,27,91,4,1352,1638,1910,11,1,0,0,1,0,0
1515,2.1,1,24,176,5,3104,747,1247,20,0,0,0,0,0,1
1150,0.5,1,27,134,1,1610,234,1947,16,0,0,0,1,0,0
1871,2.0,0,20,81,7,2144,88,1682,12,1,1,0,0,1,0
703,2.7,0,30,113,1,1472,218,1065,7,0,0,1,0,0,0
977,1.1,1,57,181,6,1206,63,566,8,1,1,1,0,0,0
1554,0.5,1,5,124,3,3635,395,1579,18,0,0,0,0,0,1
1248,2.4,0,9,89,3,2454,71,1686,13,1,0,0,0,1,0
1922,0.5,0,42,153,8,3564,725,1882,17,0,0,0,0,0,1
1719,2.1,1,52,187,3,2610,417,520,11,1,1,0,0,1,0
1882,2.0,0,44,113,8,3579,4,743,20,1,0,0,0,0,1
1059,2.4,0,61,134,3,3716,1613,1916,11,1,0,0,0,0,1
797,2.2,1,37,144,7,2216,206,1167,6,0,0,0,1,0,0
1414,2.6,0,27,137,4,312,804,1564,8,0,1,1,0,0,0
1588,0.5,0,61,159,1,3272,1064,1594,17,1,0,0,0,0,1
1224,0.5,0,6,109,6,506,747,826,11,1,1,1,0,0,0
1180,1.2,0,50,144,4,1464,925,1252,20,1,1,0,1,0,0
1009,2.8,1,2,115,7,2286,267,1841,13,0,0,0,0,1,0
838,0.5,0,13,196,8,3554,984,1850,19,0,1,0,0,0,1
600,1.8,0,6,199,2,3495,486,1032,7,1,0,0,0,1,0
1342,1.0,0,31,86,7,2746,991,1638,10,1,0,0,0,0,1
538,1.1,1,25,163,7,2215,455,537,17,1,1,0,1,0,0
1350,0.5,1,50,181,8,2287,369,544,8,1,0,0,1,0,0
875,0.7,1,30,146,8,702,469,853,15,1,1,1,0,0,0
1926,1.1,0,50,179,6,3809,371,1000,17,1,0,0,0,0,1
1000,2.7,0,58,135,5,862,461,833,20,0,0,1,0,0,0
1986,2.7,1,64,162,4,1377,236,1520,15,1,1,0,1,0,0
1751,2.5,0,4,146,8,1155,1499,1952,12,1,1,0,1,0,0
1731,1.4,1,4,163,6,3892,809,1988,4,1,1,0,0,0,1
1569,0.5,1,33,147,1,3538,519,930,15,0,1,0,0,0,1
1802,1.2,1,27,116,5,1885,453,963,7,1,0,0,0,1,0
659,2.7,0,6,110,3,2044,1054,1929,2,0,1,0,1,0,0
1320,2.1,1,41,144,7,542,123,1229,14,1,0,1,0,0,0
841,0.5,0,11,81,5,957,125,675,11,1,0,1,0,0,0
1634,1.4,0,17,200,2,3031,964,1677,6,1,1,0,0,0,1
519,1.6,1,51,132,4,3763,550,645,4,0,1,0,0,0,1
1946,2.7,1,8,123,8,3117,647,1849,2,0,0,0,0,0,1
1472,2.8,1,36,130,6,985,1452,1744,7,1,0,0,1,0,0
748,1.4,0,25,110,7,1974,88,709,13,1,1,0,1,0,0
1924,0.5,0,63,111,2,3423,122,686,19,0,0,0,0,0,1
1689,1.8,0,24,127,3,2766,954,1200,7,1,1,0,0,0,1
1725,1.6,1,6,119,2,3429,609,1307,4,1,0,0,0,0,1
802,2.4,1,45,157,3,3713,1299,1633,8,0,0,0,0,0,1
531,1.1,0,63,189,7,2958,145,1903,19,1,0,0,0,1,0
1540,0.7,1,29,157,7,1161,318,831,5,0,0,1,0,0,0
1845,0.5,1,61,96,1,1731,292,695,6,0,0,0,1,0,0
1958,0.5,0,52,153,1,3064,1524,1848,3,0,0,0,0,0,1
1783,2.9,1,42,104,6,387,1081,1979,3,1,0,0,1,0,0
768,0.5,1,19,159,2,1145,637,991,7,0,1,1,0,0,0
1356,0.5,1,35,131,1,3451,782,951,17,1,1,0,0,0,1
924,0.5,1,47,167,8,1620,108,1813,12,0,0,0,1,0,0
1783,0.5,0,14,183,8,1816,910,1566,7,0,1,0,0,1,0
1820,1.4,0,51,163,7,2481,202,1884,11,0,0,0,0,1,0
1097,0.8,0,21,160,7,2219,1277,1352,12,0,1,0,0,1,0
1759,1.4,0,15,101,4,2107,382,1163,16,1,0,0,0,1,0
1837,1.0,1,12,103,8,2294,1420,1539,20,0,1,0,0,0,1
1670,3.0,0,62,114,8,3024,1117,1330,20,0,1,0,0,0,1
664,1.5,0,6,164,2,3774,1076,1472,18,0,0,0,0,0,1
877,1.5,1,17,195,7,2004,1064,1985,9,1,1,0,1,0,0
1439,0.9,0,20,147,1,1790,626,932,15,0,1,0,1,0,0
984,2.2,1,39,119,8,2013,56,1931,16,1,0,0,1,0,0
1481,0.7,1,37,96,5,2945,116,1533,16,1,1,0,0,1,0
862,2.3,0,6,107,8,3458,829,1977,9,1,1,0,0,0,1
1039,2.7,0,56,125,8,3105,497,618,5,1,1,0,0,1,0
1883,2.7,1,30,95,2,3724,531,791,20,1,1,0,0,0,1
807,0.5,1,37,127,4,2319,245,829,4,0,0,0,1,0,0
1444,0.6,0,48,82,5,2540,1092,1554,15,1,1,0,0,0,1
1763,2.9,1,53,101,4,2066,138,806,17,1,1,0,1,0,0
1692,2.1,0,61,176,6,1354,975,1996,19,0,0,0,1,0,0
1234,1.7,1,17,174,6,3351,209,725,19,0,1,0,0,1,0
1072,2.2,1,19,114,8,2715,380,877,16,1,0,0,0,1,0
1872,2.3,0,44,134,3,1955,459,1259,15,0,1,0,0,1,0
1344,1.5,0,14,190,1,2074,419,556,5,1,0,0,1,0,0
913,1.7,1,41,103,1,2278,431,1144,18,1,0,0,1,0,0
1083,2.0,0,41,158,5,1543,937,1164,10,0,1,0,1,0,0
1939,2.8,1,55,199,4,1047,320,520,18,1,0,1,0,0,0
659,0.5,1,5,169,8,2190,659,730,16,1,0,0,1,0,0
1180,2.5,0,27,90,6,348,168,540,19,1,1,1,0,0,0
704,2.7,0,29,80,1,1122,1108,1509,10,1,1,1,0,0,0
719,0.5,1,23,113,6,3990,431,1727,12,1,1,0,0,0,1
904,1.2,1,31,112,3,2814,657,1014,19,0,0,0,0,1,0
1457,1.9,1,16,102,3,1440,1013,1287,12,0,1,0,1,0,0
742,2.2,1,56,190,7,3557,577,1359,12,1,1,0,0,0,1
1476,1.2,1,55,171,4,1529,1641,1666,3,0,1,0,0,1,0
1279,2.5,0,7,105,6,1150,560,1633,7,0,0,0,1,0,0
1265,1.5,0,49,182,5,1362,690,836,12,0,1,0,1,0,0
1549,1.8,1,62,91,4,799,167,990,9,0,1,1,0,0,0
1871,2.1,0,41,144,8,2727,275,1966,11,0,0,0,0,0,1
1991,2.8,0,15,181,1,1861,298,1037,17,1,1,0,1,0,0
1445,0.5,0,53,174,7,1099,386,836,20,0,0,1,0,0,0
1633,1.7,1,33,111,2,511,146,906,7,1,0,1,0,0,0
1807,0.8,1,38,97,8,1069,1332,1814,7,0,0,0,1,0,0
1408,2.5,0,32,151,4,3162,875,982,3,0,0,0,0,0,1
1406,0.5,1,34,98,3,3915,1017,1366,2,0,1,0,0,0,1
835,1.1,1,7,101,4,1181,323,1604,15,1,1,1,0,0,0
948,2.3,0,22,173,5,3499,257,1654,19,1,1,0,0,0,1
1742,1.6,0,49,100,1,1947,1134,1469,6,0,1,0,0,1,0
1163,2.1,1,19,132,2,2940,728,818,15,0,1,0,0,1,0
1554,2.7,1,47,185,5,509,319,1367,19,0,0,1,0,0,0
1206,3.0,1,30,127,3,1825,1581,1713,4,0,1,0,0,1,0
1544,2.4,0,12,186,7,489,470,844,2,0,1,1,0,0,0
644,1.3,1,30,114,1,2382,1140,1654,19,0,1,0,0,1,0
654,1.3,0,52,196,4,1036,1715,1898,13,0,0,0,1,0,0
1424,2.9,1,20,180,5,2658,181,1199,19,0,0,0,0,1,0
1431,0.5,0,56,191,1,461,156,952,8,0,0,1,0,0,0
986,0.8,0,28,182,4,1149,199,679,18,1,0,1,0,0,0
1965,0.5,0,29,149,5,2973,584,676,20,1,1,0,0,0,1
915,2.0,0,31,91,3,378,875,1316,9,1,0,1,0,0,0
843,0.5,0,56,147,5,2341,140,800,20,1,1,0,1,0,0
1077,2.5,1,45,174,3,1965,897,1304,6,1,0,0,1,0,0
600,0.5,0,14,112,5,1655,320,747,9,0,0,1,0,0,0
1784,1.6,0,41,164,6,2313,610,1437,11,1,0,0,0,1,0
591,2.1,1,16,196,7,704,952,1726,4,1,1,1,0,0,0
1408,2.1,1,45,89,5,3952,613,1088,3,0,1,0,0,0,1
1807,2.9,0,16,125,3,2921,1221,1415,17,1,0,0,0,0,1
1349,2.2,1,55,105,7,2462,648,1019,17,0,1,0,0,1,0
1949,1.8,0,20,186,5,1125,518,592,9,0,0,0,1,0,0
537,2.0,0,55,103,7,2029,1041,1430,12,1,1,0,1,0,0
815,2.0,1,51,85,6,3469,982,1291,6,0,1,0,0,0,1
1101,1.8,0,31,148,2,2196,387,1269,19,1,1,0,1,0,0
1934,2.7,0,2,118,4,2190,242,1127,9,0,1,0,0,1,0
1283,2.4,1,33,93,3,773,510,980,2,1,0,1,0,0,0
1479,0.5,0,19,156,3,3323,180,1476,6,0,1,0,0,0,1
922,0.7,0,47,157,8,1464,1295,1808,12,0,1,0,1,0,0
1142,1.2,0,2,114,6,1747,623,769,14,1,0,0,1,0,0
966,0.6,0,50,117,4,2574,1446,1754,5,0,1,0,0,1,0
561,2.8,1,40,99,7,2974,426,865,19,0,1,0,0,1,0
965,1.5,1,13,109,2,1138,130,998,10,1,0,1,0,0,0
1576,0.9,1,14,173,2,3220,1213,1386,6,1,0,0,0,0,1
1266,0.5,0,5,95,6,1687,1365,1698,18,0,0,0,0,1,0
1851,1.9,1,12,198,6,735,293,1967,14,0,1,1,0,0,0
1515,2.6,0,56,184,3,262,1438,1593,20,1,0,1,0,0,0
1975,1.5,0,16,128,8,2998,80,655,13,1,0,0,0,1,0
786,2.2,1,33,141,7,2390,507,1697,5,0,1,0,0,1,0
1331,1.6,0,16,165,2,1026,1109,1226,20,0,1,0,1,0,0
622,1.9,1,11,193,8,3183,760,1964,4,1,1,0,0,1,0
1046,2.8,1,58,100,8,3863,259,1040,9,1,1,0,0,0,1
1308,1.9,0,61,106,3,3355,59,1215,4,0,1,0,0,0,1
1469,1.7,1,44,169,2,1687,484,711,5,1,1,0,1,0,0
1918,2.8,0,22,139,1,1369,381,1203,6,1,1,0,1,0,0
823,0.5,0,39,187,8,294,630,888,11,0,1,1,0,0,0
1517,0.5,0,48,143,5,2822,802,1489,11,1,1,0,0,0,1
1493,1.5,1,53,102,5,2083,240,1414,20,1,1,0,0,1,0
1266,1.9,1,7,184,3,2532,346,1468,4,1,1,0,0,1,0
825,0.5,1,52,130,3,3534,597,863,6,1,0,0,0,0,1
627,1.8,0,20,142,3,896,211,507,14,0,0,1,0,0,0
1087,1.3,0,16,166,3,690,295,589,6,0,1,1,0,0,0
1796,2.3,0,44,184,2,3577,1024,1363,4,1,0,0,0,0,1
1224,1.6,0,33,157,1,3796,522,563,13,1,0,0,0,0,1
862,0.8,1,23,165,2,278,793,1758,11,0,1,1,0,0,0
1006,2.2,1,22,135,4,909,35,991,7,0,1,1,0,0,0
995,1.3,1,10,104,4,609,258,1889,5,0,1,1,0,0,0
965,1.4,0,13,197,8,2343,645,1275,15,0,0,0,0,1,0
1699,0.5,0,21,156,4,1181,105,1099,18,1,0,0,1,0,0
1720,1.6,0,2,188,5,2522,334,896,2,0,1,0,0,1,0
1526,1.1,1,38,116,5,3317,798,1418,8,1,1,0,0,0,1
1902,0.5,0,13,155,4,940,766,877,15,1,0,0,1,0,0
1454,1.4,1,37,80,8,1713,903,910,19,0,0,0,1,0,0
625,1.9,0,33,191,1,3801,431,550,2,0,0,0,0,1,0
581,0.6,0,56,180,2,354,523,565,13,1,1,1,0,0,0
767,0.8,0,10,107,4,2317,517,1995,12,1,1,0,0,1,0
1765,1.1,0,11,87,2,3695,835,1175,18,0,0,0,0,0,1
1551,1.1,0,51,88,5,3844,1738,1995,4,1,0,0,0,0,1
518,0.8,1,3,178,7,2832,437,1947,8,0,1,0,0,1,0
1021,0.5,1,53,136,3,2631,905,1988,7,1,0,0,0,1,0
867,1.4,1,4,135,6,790,70,1974,3,1,0,1,0,0,0
1940,0.9,1,17,93,5,2297,112,858,8,1,0,0,0,1,0
936,1.0,0,18,153,3,2391,1330,1686,3,1,1,0,0,1,0
633,1.4,0,46,102,6,1401,709,1915,11,1,0,0,1,0,0
645,2.5,0,63,174,4,3615,278,584,13,0,1,0,0,1,0
1561,0.5,1,4,134,2,1783,885,1811,10,1,0,0,0,1,0
713,0.9,1,42,94,1,928,1048,1123,9,0,1,1,0,0,0
856,1.9,1,14,115,1,2439,395,1027,12,1,1,0,1,0,0
851,2.3,1,54,101,2,1005,788,1007,14,0,1,1,0,0,0
642,0.5,0,38,86,5,435,887,1775,2,1,0,1,0,0,0
1278,1.2,0,60,172,7,3142,1244,1504,19,0,1,0,0,0,1
1207,0.5,0,58,112,8,503,406,681,5,1,0,1,0,0,0
1654,1.8,0,11,146,7,1070,1184,1719,14,1,1,0,1,0,0
1883,1.6,0,24,87,1,3563,203,915,3,0,0,0,0,0,1
564,3.0,1,8,130,2,2227,853,1737,14,0,1,0,1,0,0
1969,0.8,1,7,85,8,315,332,764,7,1,0,1,0,0,0
1747,0.5,0,13,185,6,3105,800,873,10,0,0,0,0,0,1
1920,0.6,1,19,131,3,3943,670,1152,4,1,0,0,0,0,1
612,0.5,1,20,179,8,3282,1145,1487,18,1,1,0,0,0,1
1470,2.2,1,33,138,7,1633,1790,1988,4,0,0,0,0,1,0
717,1.1,1,14,99,8,629,1878,1981,20,0,0,1,0,0,0
1623,1.2,0,61,120,7,1510,1568,1832,17,1,0,0,0,1,0
1680,1.2,1,37,168,4,1459,679,1231,2,1,0,0,1,0,0
1449,0.5,1,52,105,6,2036,211,947,10,1,0,0,1,0,0
1514,1.4,0,12,138,3,1037,306,538,15,0,1,1,0,0,0
742,0.5,0,36,139,3,292,1161,1288,6,1,1,1,0,0,0
1170,0.9,0,14,199,2,715,474,709,20,0,1,1,0,0,0
1112,0.5,1,53,121,4,3655,234,739,20,1,0,0,0,0,1
1811,0.5,1,32,115,6,348,204,1132,18,0,1,1,0,0,0
1806,2.0,1,54,117,1,3142,347,727,6,0,1,0,0,0,1
1640,0.7,0,21,169,7,337,589,1301,5,1,0,1,0,0,0
1420,2.8,1,50,100,8,763,194,1393,17,1,1,1,0,0,0
609,0.5,0,10,81,6,1905,113,1524,18,1,1,0,1,0,0
1330,0.9,0,52,84,4,3269,462,1304,8,1,0,0,0,0,1
1227,1.1,1,34,130,3,1324,935,1781,12,1,1,0,1,0,0
946,2.1,0,19,154,8,2104,159,630,16,1,0,0,1,0,0
1426,0.8,0,42,84,3,1356,715,1163,16,0,1,0,1,0,0
1325,0.5,0,13,133,4,3707,1353,1915,18,1,0,0,0,0,1
1791,0.5,1,33,110,5,594,371,682,16,0,1,1,0,0,0
1935,0.5,0,29,124,5,455,806,860,6,0,1,1,0,0,0
797,1.5,1,18,81,8,2052,888,1466,14,1,1,0,1,0,0
1083,1.0,0,52,126,2,681,925,1469,19,1,1,1,0,0,0
1868,0.5,0,40,179,8,298,576,884,17,1,0,1,0,0,0
601,1.7,1,6,169,4,2651,818,1827,9,0,1,0,0,1,0
1831,2.2,1,55,189,8,1133,1693,1790,10,1,0,0,1,0,0
1416,1.8,1,20,93,4,3872,1175,1578,7,0,1,0,0,0,1
1998,1.2,0,31,196,8,2311,50,1356,18,1,0,0,0,1,0
1830,0.5,0,14,160,6,1905,773,1353,19,1,1,0,0,1,0
1619,1.9,0,21,138,1,1641,46,562,13,0,0,0,1,0,0
1713,2.0,0,5,199,6,1513,108,1963,2,0,1,0,1,0,0
1792,1.0,0,62,170,7,2563,1626,1913,15,0,1,0,0,0,1
1442,2.2,0,56,145,5,1513,1626,1668,7,1,0,0,0,1,0
1841,1.3,1,14,167,8,2304,593,672,18,0,1,0,0,1,0
536,1.4,0,53,135,3,1211,547,705,7,0,1,1,0,0,0
1660,0.6,0,24,169,2,2402,223,1777,14,1,1,0,0,1,0
1552,1.2,0,53,180,8,2606,430,658,12,0,0,0,0,1,0
1694,0.6,0,34,102,7,2298,377,549,2,1,0,0,0,1,0
934,1.1,0,24,112,5,1017,1111,1463,9,0,1,1,0,0,0
1542,2.3,0,43,182,2,3601,346,966,16,0,0,0,0,0,1
1020,1.5,0,7,96,3,1142,870,1613,8,0,1,0,1,0,0
1831,2.3,0,44,148,7,2460,437,1113,18,0,0,0,0,1,0
1744,2.8,0,62,158,1,345,621,1558,14,0,0,1,0,0,0
825,0.5,1,23,86,2,3278,206,1917,2,0,1,0,0,0,1
1925,3.0,1,16,175,8,2173,983,1087,19,1,0,0,0,1,0
504,0.5,1,16,166,1,701,767,1665,15,0,1,1,0,0,0
1299,2.8,1,60,187,8,1412,1333,1838,20,1,1,0,1,0,0
854,1.0,0,17,101,4,3115,730,1148,2,0,0,0,0,1,0
798,2.4,0,4,96,3,2965,526,643,14,1,0,0,0,1,0
1077,2.5,0,49,131,4,3454,334,1079,2,0,1,0,0,0,1
1672,1.7,1,44,172,8,1348,1250,1435,7,1,1,0,1,0,0
1579,1.5,0,27,142,6,1713,831,1484,10,1,1,0,1,0,0
1944,0.5,0,26,92,4,2322,313,712,7,0,1,0,0,1,0
1137,1.0,0,7,196,3,3616,942,1179,12,1,1,0,0,0,1
1119,0.5,1,23,164,4,3520,821,915,7,0,0,0,0,0,1
1290,0.5,0,3,143,6,1214,600,1109,15,1,1,0,1,0,0
676,2.2,0,39,84,1,2064,864,1011,6,0,0,0,1,0,0
1822,1.2,0,8,195,6,2577,172,910,8,1,0,0,0,1,0
1425,1.2,0,35,127,8,590,150,1897,6,1,1,1,0,0,0
1851,2.9,0,53,112,6,2678,174,1175,8,0,0,0,0,1,0
1698,2.8,0,7,131,8,2992,26,508,17,1,0,0,0,1,0
1689,0.5,0,9,150,5,2637,467,675,3,0,0,0,0,1,0
1652,0.6,1,40,198,7,3592,352,1084,6,0,0,0,0,0,1
999,1.7,0,49,132,1,1598,608,1970,8,1,0,0,1,0,0
1122,2.8,0,28,184,3,1402,1578,1963,3,1,0,0,1,0,0
1642,0.5,1,8,171,6,2984,129,873,17,0,1,0,0,1,0
1860,2.3,0,23,162,4,3918,1362,1506,8,1,0,0,0,0,1
967,1.6,0,25,92,8,3076,243,1642,18,1,1,0,0,1,0
1673,2.8,1,9,187,3,3669,65,734,10,0,1,0,0,0,1
880,1.7,1,33,173,2,1414,30,1350,7,1,0,1,0,0,0
1872,0.9,1,16,80,2,2295,286,1484,16,0,1,0,0,1,0
592,0.8,1,52,103,7,1507,332,970,4,0,1,1,0,0,0
1221,2.3,0,35,152,7,2638,765,1899,14,1,1,0,0,1,0
957,0.7,0,4,160,2,1898,38,1682,3,1,0,0,1,0,0
1777,2.2,1,15,100,4,1552,553,874,10,1,0,0,1,0,0
1063,2.5,0,31,95,6,961,295,935,5,1,0,1,0,0,0
1367,2.9,0,56,176,2,299,36,642,10,1,0,1,0,0,0
1836,2.1,1,30,184,7,3072,276,1230,5,1,0,0,0,0,1
808,0.5,1,46,105,8,1082,119,529,10,0,1,1,0,0,0
1596,2.9,1,7,149,2,2493,169,1190,13,1,1,0,0,1,0
1546,1.6,1,27,124,2,267,1138,1491,16,1,0,1,0,0,0
1981,1.9,1,45,175,6,1380,193,1234,13,1,0,0,1,0,0
1713,2.5,1,27,127,7,2406,729,974,20,0,1,0,0,1,0
657,2.5,0,37,141,2,1412,476,961,18,1,0,1,0,0,0
1929,0.5,1,19,163,6,1913,349,1051,6,1,0,0,1,0,0
508,1.3,0,50,82,5,2175,102,1195,14,0,1,0,1,0,0
848,2.8,0,8,103,7,436,7,1294,15,1,1,1,0,0,0
1007,2.0,0,45,95,5,3648,1186,1529,16,0,0,0,0,0,1
1661,0.8,1,6,109,7,864,594,1337,2,0,1,0,1,0,0
1540,0.7,1,60,197,7,1591,704,822,2,0,1,0,1,0,0
812,0.5,1,64,106,4,3102,35,1309,2,0,0,0,0,1,0
1689,2.4,1,13,168,2,1172,521,674,17,1,1,1,0,0,0
819,2.5,1,11,83,8,1094,438,822,15,0,0,1,0,0,0
1703,0.5,0,22,192,1,1046,286,1235,13,0,1,1,0,0,0
1652,1.1,1,36,89,4,2338,313,1264,20,0,0,0,0,1,0
864,1.7,0,35,103,3,1904,663,1805,13,1,1,0,1,0,0
1347,2.9,0,44,132,1,2484,434,967,11,0,1,0,0,1,0
1221,0.5,0,28,139,1,2438,1895,1976,10,1,1,0,0,0,1
1488,0.5,0,39,112,5,3054,1528,1647,19,0,0,0,0,0,1
1343,2.4,1,14,81,8,462,1063,1205,11,1,1,1,0,0,0
793,2.8,1,64,179,4,2296,818,1006,5,1,0,0,1,0,0
1058,1.5,0,19,166,4,418,493,1247,16,0,1,1,0,0,0
1191,1.3,1,26,84,1,1604,681,683,9,0,1,0,1,0,0
1483,2.1,0,54,176,7,1851,531,758,2,1,0,0,1,0,0
1619,0.9,0,20,117,6,464,813,1180,16,0,1,1,0,0,0
1036,2.4,0,39,119,7,2101,373,926,2,1,0,0,1,0,0
1263,0.5,0,64,175,5,1183,178,1883,17,0,1,0,1,0,0
826,2.4,1,57,117,2,1907,1077,1183,5,0,0,0,1,0,0
865,1.2,1,59,159,3,2361,805,1804,19,0,1,0,0,1,0
1869,2.6,0,30,152,1,1375,163,874,19,0,0,0,1,0,0
1472,3.0,0,20,169,2,797,443,892,11,1,0,1,0,0,0
1762,2.7,1,25,189,1,1896,300,527,20,1,1,0,1,0,0
1009,1.0,1,2,102,8,1716,912,1043,15,0,0,0,1,0,0
598,0.8,1,62,117,8,3066,118,764,19,1,0,0,0,1,0
1875,0.5,1,55,91,1,2712,1802,1942,6,0,1,0,0,0,1
1043,2.7,0,29,83,8,1183,887,893,8,0,0,1,0,0,0
702,2.6,1,9,141,3,2955,504,1570,19,0,0,0,0,1,0
1715,1.3,0,12,94,8,1633,1224,1676,5,1,1,0,0,1,0
1866,0.5,0,52,185,1,373,356,563,3,0,1,1,0,0,0
1479,1.8,1,24,146,6,3762,327,645,5,0,0,0,0,0,1
1872,0.5,1,17,89,6,724,1749,1767,9,0,1,0,1,0,0
857,2.0,1,17,195,7,3100,157,948,13,1,0,0,0,1,0
1187,2.2,0,46,145,2,3917,1173,1814,8,0,1,0,0,0,1
1934,2.6,1,46,103,1,2940,619,1299,2,1,1,0,0,0,1
1741,1.8,0,14,143,8,3387,730,1895,3,0,0,0,0,0,1
1154,1.2,1,49,181,8,978,541,1499,7,0,1,1,0,0,0
1520,0.5,0,24,199,5,3233,109,1909,4,0,1,0,0,0,1
516,1.1,1,39,91,5,819,855,1401,10,1,1,1,0,0,0
1366,1.7,1,53,161,5,3869,647,1876,14,0,1,0,0,0,1
668,2.3,0,48,114,1,1201,195,1292,4,1,0,1,0,0,0
1577,1.0,1,64,105,3,2967,116,1432,7,1,1,0,0,0,1
1068,2.0,1,37,184,7,1803,186,1998,7,0,0,0,1,0,0
936,2.3,0,57,129,2,2049,657,938,5,1,0,0,1,0,0
1162,2.0,0,56,114,7,1652,56,997,20,0,0,0,1,0,0
1117,0.5,1,21,177,2,1999,495,1035,2,0,1,0,1,0,0
551,2.8,0,54,172,7,1414,169,1916,19,0,1,1,0,0,0
1733,1.5,1,6,170,1,3488,590,997,10,1,1,0,0,0,1
1339,0.5,1,21,80,4,867,833,1441,3,1,0,1,0,0,0
742,2.3,0,21,104,8,331,875,925,7,0,0,1,0,0,0
1747,0.9,0,48,94,3,2362,947,1131,19,1,0,0,0,1,0
1965,2.6,1,39,187,4,2032,915,1965,16,1,1,0,0,1,0
1512,0.5,0,52,131,1,3002,333,952,7,0,1,0,0,1,0
1082,2.3,1,2,101,4,2177,398,724,17,1,0,0,1,0,0
1281,2.3,1,28,148,1,1129,1285,1617,6,1,0,0,1,0,0
1456,1.6,1,49,193,3,3624,1285,1427,16,1,0,0,0,0,1
1445,2.4,1,20,173,7,1441,1273,1345,13,1,1,0,1,0,0
961,1.5,1,51,152,6,2981,554,621,7,1,1,0,0,1,0
1715,2.6,1,15,120,6,1249,114,1849,4,1,0,0,1,0,0
1135,2.8,1,43,158,1,3204,690,1589,6,0,0,0,0,0,1
1042,2.7,1,50,93,7,3215,727,1705,20,1,1,0,0,0,1
535,1.5,0,48,113,1,740,290,811,18,1,0,1,0,0,0
1225,0.7,1,60,107,2,2423,10,1567,6,0,0,0,0,1,0
1546,0.5,1,6,101,1,3521,91,1317,9,0,0,0,0,0,1
527,0.7,1,53,128,1,1302,67,1924,13,0,0,1,0,0,0
1562,1.2,1,52,105,7,2829,480,728,3,1,1,0,0,1,0
1271,0.5,0,32,113,7,445,1350,1949,14,0,1,1,0,0,0
1303,2.1,0,10,109,8,2219,1335,1873,15,1,1,0,0,1,0
1699,0.5,1,59,97,4,3796,466,1768,12,1,1,0,0,0,1
1081,2.5,1,49,99,3,325,284,519,6,0,1,1,0,0,0
714,0.5,0,30,145,4,2302,643,1527,10,1,1,0,1,0,0
1349,2.1,1,46,134,6,2367,212,623,10,0,1,0,1,0,0
1992,0.6,1,2,141,1,3206,649,895,10,1,0,0,0,0,1
989,1.8,1,55,124,1,1737,46,1069,10,0,1,0,1,0,0
765,0.5,1,47,115,8,2243,1277,1429,4,0,1,0,0,1,0
644,2.7,0,22,157,8,1262,311,881,15,0,0,1,0,0,0
1160,1.1,0,63,166,3,595,762,859,15,0,1,1,0,0,0
581,2.2,0,59,185,5,2819,803,1613,9,0,1,0,0,1,0
531,0.5,1,12,121,4,2331,158,1657,20,0,1,0,1,0,0
1254,2.3,0,44,149,1,3011,204,1021,12,1,0,0,0,1,0
1913,1.8,0,29,111,5,2023,675,742,8,1,0,0,0,1,0
1726,1.9,0,42,106,5,1868,1221,1804,6,0,0,0,0,1,0
1977,2.0,1,54,171,7,1971,1226,1242,14,1,0,0,0,1,0
796,0.5,0,12,114,1,1075,174,518,2,1,0,1,0,0,0
1549,0.5,0,8,158,5,1998,721,1514,15,1,0,0,0,1,0
574,2.8,1,38,90,6,3269,286,1171,10,1,0,0,0,1,0
818,0.5,1,23,192,5,2518,586,1552,3,1,0,0,0,1,0
827,1.1,1,18,160,2,1663,448,821,17,1,1,1,0,0,0
724,2.7,1,44,187,7,2311,1273,1754,7,0,0,0,0,1,0
803,2.1,0,17,198,4,2680,344,1440,4,0,1,0,0,1,0
1126,0.7,0,49,165,8,3739,114,1726,13,0,0,0,0,0,1
1170,2.9,1,40,169,6,2366,427,684,2,1,1,0,1,0,0
560,0.5,0,23,146,8,2360,356,1903,18,1,1,0,1,0,0
956,1.9,1,42,133,7,3700,403,1614,7,1,0,0,0,0,1
748,1.7,0,27,150,8,2126,450,1554,7,0,0,0,1,0,0
1973,1.6,1,39,152,4,1993,792,1181,5,0,0,0,0,1,0
772,1.1,1,39,81,7,2819,1314,1854,3,1,0,0,0,0,1
543,0.5,1,60,132,5,933,693,1031,5,1,0,1,0,0,0
969,1.8,1,44,158,3,641,167,909,8,0,1,1,0,0,0
1554,2.8,1,23,105,6,2184,699,1492,20,0,1,0,0,1,0
987,2.0,1,20,192,7,1454,412,565,8,1,0,1,0,0,0
1028,2.8,0,30,193,1,1424,1801,1923,13,0,1,0,1,0,0
1808,0.5,1,31,92,2,2736,714,1208,8,0,1,0,0,0,1
896,1.0,1,4,111,1,1060,1379,1469,4,1,1,0,1,0,0
1640,0.5,1,36,87,8,3235,664,1806,10,0,1,0,0,0,1
1837,0.5,0,36,162,4,770,786,872,15,0,1,1,0,0,0
1758,0.5,0,13,190,8,1897,762,1864,15,0,0,0,0,1,0
1327,2.8,0,23,89,7,872,441,1721,4,1,1,1,0,0,0
1527,2.7,0,60,154,5,2078,526,1116,11,1,1,0,0,1,0
1754,2.1,1,52,101,4,3019,199,1452,19,0,1,0,0,0,1
1831,1.4,1,43,150,5,3834,611,1381,13,1,1,0,0,0,1
628,1.8,0,60,87,6,1337,1047,1534,14,1,0,0,1,0,0
892,0.5,0,47,94,1,1241,655,1782,9,0,1,0,1,0,0
1979,2.9,1,19,176,3,411,1331,1532,2,1,1,1,0,0,0
1742,0.5,1,43,176,3,1921,356,1407,3,1,0,0,0,1,0
1290,1.4,1,35,110,4,879,405,742,8,0,0,1,0,0,0
687,1.3,0,50,151,4,3416,584,1151,8,1,0,0,0,0,1
1044,2.8,1,33,129,4,1816,42,1262,15,0,1,0,1,0,0
1968,0.9,0,22,115,3,2323,861,1259,7,0,1,0,0,1,0
1973,2.4,1,46,193,4,639,699,851,3,0,1,1,0,0,0
994,2.8,1,56,173,3,3190,491,530,20,1,1,0,0,1,0
1648,0.5,0,17,142,2,1184,1119,1238,2,0,1,0,1,0,0
708,2.7,1,63,195,8,2169,78,654,7,1,1,0,1,0,0
1709,2.1,0,13,156,2,3283,974,1385,15,0,0,0,0,0,1
1159,1.5,0,36,104,4,2115,717,1206,18,0,0,0,0,1,0
513,0.5,0,44,186,4,1343,619,867,9,1,0,1,0,0,0
1314,2.2,0,40,116,7,3033,328,1858,17,1,1,0,0,0,1
1662,0.5,0,61,126,4,3760,32,1509,13,1,1,0,0,0,1
1745,1.5,1,57,159,3,2885,1164,1908,5,1,1,0,0,0,1
1898,1.8,1,56,185,7,2114,444,739,19,1,1,0,0,1,0
1880,1.8,0,18,138,3,3333,71,699,7,0,0,0,0,0,1
1642,1.6,1,5,102,5,1333,1686,1889,2,0,1,0,0,1,0
1933,2.8,1,16,154,3,838,229,1473,18,1,0,1,0,0,0
595,2.6,0,20,122,2,1593,623,816,2,0,1,1,0,0,0
1034,2.7,1,37,120,7,3625,707,1199,12,1,1,0,0,0,1
891,0.5,1,25,196,2,2073,375,1724,10,0,1,0,1,0,0
614,2.9,1,24,94,4,1930,409,603,4,0,1,0,1,0,0
1521,1.6,0,62,143,1,3555,678,1630,19,0,0,0,0,0,1
1414,2.0,1,54,99,7,3799,262,829,7,0,1,0,0,0,1
535,1.9,0,24,190,8,524,398,1775,4,0,0,1,0,0,0
712,1.6,0,9,172,2,3612,881,1234,4,0,0,0,0,0,1
1729,2.1,1,12,186,1,1519,461,1178,5,0,1,0,1,0,0
539,1.5,0,26,137,6,3948,1123,1709,15,1,1,0,0,0,1
1083,2.9,1,64,178,3,3210,1025,1118,4,0,0,0,0,0,1
520,2.3,0,31,145,6,2753,264,519,17,0,1,0,1,0,0
662,0.5,0,20,138,1,2125,1001,1224,15,1,1,0,1,0,0
1597,0.9,0,4,85,1,2130,880,1145,15,1,0,0,0,1,0
1653,0.5,1,37,176,4,3955,447,1785,18,1,1,0,0,0,1
772,2.4,1,10,80,4,3242,1242,1712,4,1,0,0,0,0,1
667,2.6,1,8,185,1,2528,1015,1947,8,1,0,0,0,1,0
1218,2.8,1,39,150,7,1667,1122,1746,12,0,0,0,1,0,0
1010,2.0,1,8,139,5,2625,547,957,12,1,0,0,0,1,0
775,2.5,1,10,185,7,1719,444,1555,18,1,1,0,1,0,0
1975,1.9,1,31,151,1,3022,775,1607,19,0,1,0,0,0,1
589,0.5,0,59,146,8,362,759,1858,6,1,1,1,0,0,0
1829,0.5,0,15,160,5,2080,729,1267,12,0,1,0,0,1,0
1927,0.9,1,11,190,8,2916,491,1506,18,1,1,0,0,0,1
635,0.6,1,50,97,5,2107,193,989,12,0,0,0,1,0,0
